--
-- PostgreSQL database dump
--

-- Dumped from database version 10.1
-- Dumped by pg_dump version 10.4

-- Started on 2018-11-08 13:07:05

SET statement_timeout = 0;
SET lock_timeout = 0;
SET idle_in_transaction_session_timeout = 0;
SET client_encoding = 'UTF8';
SET standard_conforming_strings = on;
SELECT pg_catalog.set_config('search_path', '', false);
SET check_function_bodies = false;
SET client_min_messages = warning;
SET row_security = off;

--
-- TOC entry 3051 (class 0 OID 33207)
-- Dependencies: 213
-- Data for Name: agents; Type: TABLE DATA; Schema: public; Owner: postgres
--

COPY public.agents (id, first_name, last_name, off_num, active) FROM stdin;
1	duška	krivošija	98003	1
2	milka	stanković	98004	1
3	aleksandar	milenković	98010	1
4	daniel	blagojević	98011	1
5	marko	krneta	98014	1
6	dragan	terzić	98017	1
7	ivana	lukić	98021	1
8	goran	getić	98029	1
9	harun	mehmedali	98030	1
10	svetlana	milenković đinđić	98057	1
11	milan	panić	98058	1
12	valentina	milić	98059	1
13	dragana	vejinović	98061	1
14	željko	bubanja	98067	1
15	nenad	mrkić	98071	1
16	boban	banković	98073	1
17	nebojša	petrović	98074	1
18	katarina	babić	98082	1
19	marija	knežević	98084	1
20	slađana	lazić bošković	98087	1
21	ana	jelenić	98089	1
22	jelena	milinković	98090	1
23	svetlana	kandić	98091	1
24	vesna	damnjanović	98099	1
25	slađana	orašanin	98100	1
26	milan	milošević	98106	1
27	miloš	todorović	98117	1
28	jelena	đorđević	98119	1
29	marko	dimitrijević	98123	1
30	marko	banković	98129	1
31	aleksandar	glišić	98132	1
32	jelena	nedeljković	98135	1
33	aleksandar	stanković	98141	1
34	daliborka	arsić	98214	1
35	milena	janković	98215	1
36	zlatko	arsenović	98217	1
37	miroljub	đurović	98219	1
38	željka	kalinić	98230	1
39	veljko	kocoljevac	98239	1
40	dragana	ristić	98243	1
41	marko	stojanović	98244	1
42	zoran	pavlović	98247	1
43	milan	adamović	98252	1
44	tijana	cvetanović	98277	1
45	danijela	nešić	98280	1
46	svetlana	karadžić	98281	1
47	goran	duduković	98289	1
48	vojislav	mladenović	98292	1
49	nenad	caranović	98294	1
50	marija	zdravković	98298	1
51	danijela	jovanović	98299	1
52	dragana	knežević	98300	1
53	nenad	stanković	98310	1
54	igor	ristić	98311	1
55	aleksandar	petrović	98319	1
56	ana	dedić	98320	1
57	branislav	bovan	98321	1
58	žaklina	tucović	98322	1
59	mariana	kocić	98328	1
60	dejan	vladimirov	98333	1
61	vida	mirković	98336	1
62	svetlana	koković	98341	1
63	marijana	mirković	98345	1
64	milan	mišković	98349	1
65	mirjana	dostanić	98351	1
66	ivana	stojilković	98356	1
67	maja	jovanović	98357	1
68	dijana	đekić	98363	1
69	nikola	stojić	98364	1
70	ivan	zorić	98371	1
71	igor	stojanović	98374	1
72	dragana	dimitrijević	98380	1
73	radoslav	milenković	98381	1
74	bogdan	nikolić	98385	1
75	gordana	radojević	98392	1
76	fatima	šabanović	98394	1
77	jelena	perišić	98398	1
78	radivoje	sarić	98402	1
79	aleksandar	kenjić	98404	1
80	leposava	maksimović	98409	1
81	maja	cvetić	98415	1
82	milan	milenković	98424	1
83	borko	dedić	98426	1
85	goran	papić	98430	1
86	jasminka	trifković	98431	1
87	dragan	jovanović	98432	1
88	greta	filipović	98433	1
89	milan	mikez	98434	1
90	zorana	živić	98437	1
91	velinka	kerekeš	98441	1
92	snežana	kalezić	98443	1
93	mirela	rabljenović	98445	1
94	predrag	živanković	98446	1
95	predrag	popović	98447	1
96	tatjana	stojanović	98451	1
97	milica	čanković	98453	1
98	vladan	živanović	98454	1
99	lazar	jovanović	98457	1
100	goran	pavlović	98459	1
101	slavoljub	tomanić	98460	1
102	miloš	vučinić	98462	1
103	jasmina	milivojević	98465	1
104	jelena	drobnjak	98467	1
105	aleksandar	radovanović	98468	1
106	dragan	stojkov	98469	1
107	dejan	ignjatović	98470	1
108	ljiljana	alavanja	98473	1
109	milan	marinković	98475	1
110	milica	bucalo	98477	1
111	stefan	filipović	98479	1
112	magdalena	d addea	98480	1
113	jovica	avramović	98481	1
114	marko	jevđić	98482	1
115	svetlana	vlaisavljević ostojin	98483	1
116	aleksandra	stojiljković	98486	1
117	slavica	pantić	98487	1
118	zvonko	šćekić	98489	1
119	milomir	đorđević	98490	1
120	nikola	ivanović	98491	1
121	slađana	marković	98494	1
122	vinko	arambašić	98495	1
123	jovan	knežević	98496	1
124	gojka	pušonjić	98497	1
125	emina	pantelić	98498	1
126	biljana	maksimović	98499	1
127	renata	juhas	98503	1
128	slaviša	todorov	98504	1
129	aleksandra	lazić	98505	1
130	maja	simonović	98506	1
131	mira	radovanović	98507	1
132	mirjana	popović	98508	1
133	aleksandar	avramović	98510	1
134	slaviša	gašić	98511	1
135	branko	lemić	98516	1
136	nikola	vukmirović	98517	1
137	dragan	mitrović	98518	1
138	radiša	ibrić	98519	1
139	jelena	petrović	98520	1
140	milica	mirosavljević	98521	1
141	biljana	živković	99205	1
142	vesna	stanković	99206	1
143	marija	milojević	99217	1
144	natalija	idžaković	99218	1
145	slobodan	ivković	99224	1
146	milan	vojnović	99227	1
147	gordana	debeljak	99233	1
148	nenad	obradović	99241	1
149	ivica	živanović	99244	1
150	tatjana	cvijanović	99251	1
151	mirjana	pantelić	99252	1
152	danijela	miladinović	99256	1
153	dragan	đorđević	99258	1
154	jasmina	vojinović	99274	1
155	jelena	belencan	99278	1
156	desa	bjeljac	99282	1
157	marina	valjić	99285	1
158	zdenko	radivojević	99289	1
159	vladanka	miljušević	99303	1
160	dejan	savić	99305	1
161	marija	orelj	99310	1
162	zoran	mišković	99315	1
164	slađana	dojčinović	99321	1
165	miroslav	ilić	99328	1
166	stanika	jovanović	99329	1
167	vladimir	milić	99334	1
168	branislava	popović	99338	1
169	slobodanka	manojlović	99340	1
170	mirjana	rakas	99341	1
171	katarina	ranđelović	99344	1
172	aleksandar	dmitrić	99345	1
173	slavica	panić	99346	1
174	predrag	topalović	99348	1
175	branka	radojević	99356	1
176	dušica	miletić	99363	1
177	nenad	ivanušić	99366	1
178	marija	karić	99372	1
179	milan	pavlović	99375	1
180	marijana	popović	99379	1
181	mirjana	topić	99381	1
182	zorica	milićević	99386	1
183	veljko	alavanja	99392	1
184	nevenka	živanović	99397	1
185	milenko	pušonjić	99401	1
186	aleksandar	bogdanovski	99405	1
187	zoran	ilić	99407	1
188	jelena	lazarević	99415	1
189	dragan	devetaković	99416	1
190	žaklina	stojiljković	99417	1
191	ljiljana	janković	99420	1
192	milena	stanojević	99423	1
193	milorad	jović	99426	1
194	marija	mraković	99427	1
195	danijela	bradić	99428	1
196	gorana	stričević	99434	1
197	darko	pupovac	99437	1
198	milanka	radovanović	99439	1
199	dobrila	đurić	99440	1
200	vesna	maksimović	99441	1
201	branko	vukašinović	99448	1
202	brankica	vukić	99453	1
203	milko	radović	99466	1
204	radislavko	matić	99467	1
205	dragan	pribaković	99468	1
206	biljana	stefanović	99470	1
207	milorad	ljiljak	99471	1
208	ratko	mrkaić	99502	1
209	vesna	puhača	99544	1
210	dražen	gakov	99548	1
211	slobodan	šuput	99577	1
212	slađana	živanić	99581	1
213	darko	pendić	99583	1
214	radojka	avramović	99584	1
215	gorica	nestorović	99585	1
216	ljiljana	marković	99587	1
217	slobodan	đorđević	99588	1
218	radomir	pavlović	99589	1
219	dobrila	mitrović	99591	1
220	darko	isailović	99592	1
221	jelena	bigović	99596	1
222	predrag	vasić	99598	1
223	željko	tadić	99601	1
224	željko	žmurić	99602	1
225	željko	mitrović	99604	1
226	jagodina	radovanović	99605	1
227	ana	jevđić	99608	1
228	slađana	nišavić	99609	1
229	slobodan	andrejić	99611	1
230	siniša	perenčević	99616	1
231	ivana	antonić-ivanušić	99620	1
232	draško	babić	99641	1
233	slađan	stanisavljević	99653	1
234	borko	topalović	99657	1
235	marija	marković	99661	1
236	dejan	bošnjaković	99667	1
237	miloš	marković	99676	1
238	goran	bursać	99686	1
239	bojan	feratović	99694	1
240	zoran	stošić	99717	1
241	bojana	stanojević	99724	1
242	draginja	jeremić	99746	1
243	ljiljana	gorgievski	99752	1
244	nenad	tmušić	99755	1
245	marija	petrović	99757	1
246	danilo	nikolić	99772	1
247	marija	jovanović	99776	1
248	snežana	stojanović	99780	1
249	marina	živković	99788	1
250	svetlana	mićićelović	99797	1
251	mirjana	đorđijevski	99909	1
252	marijana	pavlović	99913	1
253	jelena	kamberović	99951	1
254	katica	minić	99956	1
255	jovanka	stanković	99982	1
256	brankica	maksimović	99988	1
257	olgica	andrejić	99992	1
258	bora	stanojević	99993	1
281	dragana	bijelić	98528	1
84	dušan	gnjatović	98427	0
280	biljana	petrović	98526	1
163	zoran	cvetković	99317	0
282	jasmina	mitrović	98524	1
283	dragan	mitrović	98523	1
284	zoran	leposavić	98522	1
285	bojan	glišić	98525	1
286	marija	jović	98527	1
\.


--
-- TOC entry 3059 (class 0 OID 33294)
-- Dependencies: 221
-- Data for Name: models; Type: TABLE DATA; Schema: public; Owner: postgres
--

COPY public.models (id, title, purpose) FROM stdin;
1	LG	phone
2	Nokia 100	phone
3	Nokia 106	phone
4	Alcatel One Touch	phone
5	Vega 3000	pda
6	Datecs DPP-350C	printer
8	Nokia 105	phone
\.


--
-- TOC entry 3057 (class 0 OID 33286)
-- Dependencies: 219
-- Data for Name: cellphones; Type: TABLE DATA; Schema: public; Owner: postgres
--

COPY public.cellphones (id, model_id, imei) FROM stdin;
1	4	356788068885730
2	4	356788068923515
3	4	356788068948835
4	4	356788068818319
5	4	356788068910298
6	4	356788068915073
\.


--
-- TOC entry 3045 (class 0 OID 33168)
-- Dependencies: 207
-- Data for Name: priviledges; Type: TABLE DATA; Schema: public; Owner: postgres
--

COPY public.priviledges (id, title) FROM stdin;
1	user
2	admin
3	super_admin
\.


--
-- TOC entry 3043 (class 0 OID 33160)
-- Dependencies: 205
-- Data for Name: users; Type: TABLE DATA; Schema: public; Owner: postgres
--

COPY public.users (id, username, password, priviledge_id, active) FROM stdin;
1	marko.nikolic	12345	2	1
2	veljko.petrovic	54321	1	1
\.


--
-- TOC entry 3061 (class 0 OID 33307)
-- Dependencies: 223
-- Data for Name: cellphones_charges; Type: TABLE DATA; Schema: public; Owner: postgres
--

COPY public.cellphones_charges (id, cellphone_id, agent_id, user_id, date) FROM stdin;
\.


--
-- TOC entry 3063 (class 0 OID 33315)
-- Dependencies: 225
-- Data for Name: cellphones_charges_off; Type: TABLE DATA; Schema: public; Owner: postgres
--

COPY public.cellphones_charges_off (id, cellphone_charge_id, user_id, date) FROM stdin;
\.


--
-- TOC entry 3071 (class 0 OID 34006)
-- Dependencies: 233
-- Data for Name: devices_types; Type: TABLE DATA; Schema: public; Owner: postgres
--

COPY public.devices_types (id, title) FROM stdin;
1	pda
2	printer
\.


--
-- TOC entry 3035 (class 0 OID 24870)
-- Dependencies: 197
-- Data for Name: devices; Type: TABLE DATA; Schema: public; Owner: postgres
--

COPY public.devices (id, sn, nav_num, model_id, device_type_id) FROM stdin;
55	117162902453	OS7166	5	1
56	117162902455	OS7167	5	1
57	117162902456	OS7168	5	1
58	117162902454	OS7169	5	1
59	117162902488	OS7170	5	1
60	117162902451	OS7171	5	1
61	117162902460	OS7172	5	1
62	117162902459	OS7173	5	1
63	117162902452	OS7174	5	1
64	117162902447	OS7175	5	1
65	117162902446	OS7176	5	1
66	117162902444	OS7177	5	1
67	117162902442	OS7178	5	1
68	117162902424	OS7179	5	1
69	117162902438	OS7180	5	1
70	117162902445	OS7181	5	1
71	117162902437	OS7182	5	1
72	117162902419	OS7183	5	1
73	117162902422	OS7184	5	1
74	117162902439	OS7185	5	1
75	117162902426	OS7186	5	1
76	117162902425	OS7187	5	1
77	117162902416	OS7188	5	1
78	117162902420	OS7189	5	1
79	117162902423	OS7190	5	1
80	117162902418	OS7191	5	1
81	117162902408	OS7192	5	1
82	117162902411	OS7193	5	1
83	117162902415	OS7194	5	1
84	117162902407	OS7195	5	1
85	117162902403	OS7196	5	1
86	117162902485	OS7197	5	1
87	117162902494	OS7198	5	1
88	117162902496	OS7199	5	1
89	117162902491	OS7200	5	1
90	117162902497	OS7201	5	1
91	117162902492	OS7202	5	1
92	117162902493	OS7203	5	1
93	117162902499	OS7204	5	1
94	117162902498	OS7205	5	1
95	117162902495	OS7206	5	1
96	117162902417	OS7207	5	1
97	117162902412	OS7208	5	1
98	117162902428	OS7209	5	1
99	117162902413	OS7210	5	1
100	117162902427	OS7211	5	1
101	117162902421	OS7212	5	1
102	117162902404	OS7213	5	1
103	117162902409	OS7214	5	1
104	117162902429	OS7215	5	1
105	117162902402	OS7216	5	1
106	117162902406	OS7217	5	1
107	117162902410	OS7218	5	1
108	117162902405	OS7219	5	1
109	117162902414	OS7220	5	1
110	117162902401	OS7221	5	1
111	117162902461	OS7222	5	1
112	117162902469	OS7223	5	1
113	117162902466	OS7224	5	1
114	117162902430	OS7225	5	1
115	117162902473	OS7226	5	1
116	117162902464	OS7227	5	1
117	117162902463	OS7228	5	1
118	117162902467	OS7229	5	1
119	117162902475	OS7230	5	1
120	117162902471	OS7231	5	1
121	117163400001	OS7232	5	1
122	117163400002	OS7233	5	1
123	117163400003	OS7234	5	1
124	117163400004	OS7235	5	1
125	117163400005	OS7236	5	1
126	117163400006	OS7237	5	1
127	117163400007	OS7238	5	1
128	117163400008	OS7239	5	1
129	117163400009	OS7240	5	1
130	117163400010	OS7241	5	1
131	117163400011	OS7242	5	1
132	117163400012	OS7243	5	1
133	117163400013	OS7244	5	1
134	117163400014	OS7245	5	1
135	117163400015	OS7246	5	1
136	117163400016	OS7247	5	1
137	117163400017	OS7248	5	1
138	117163400018	OS7249	5	1
139	117163400019	OS7250	5	1
140	117163400020	OS7251	5	1
141	117163400021	OS7252	5	1
142	117163400022	OS7253	5	1
143	117163400023	OS7254	5	1
144	117163400024	OS7255	5	1
145	117163400025	OS7256	5	1
146	117163400026	OS7257	5	1
147	117163400027	OS7258	5	1
148	117163400028	OS7259	5	1
149	117163400029	OS7260	5	1
150	117163400030	OS7261	5	1
151	117163400031	OS7262	5	1
152	117163400032	OS7263	5	1
153	117163400033	OS7264	5	1
154	117163400034	OS7265	5	1
155	117163400035	OS7266	5	1
156	117163400036	OS7267	5	1
157	117163400037	OS7268	5	1
158	117163400038	OS7269	5	1
159	117163400039	OS7270	5	1
353	PMA005891UN16	FA-V5-0032	6	2
160	117163400040	OS7271	5	1
161	117163400041	OS7272	5	1
162	117163400042	OS7273	5	1
163	117163400043	OS7274	5	1
164	117163400044	OS7275	5	1
165	117163400045	OS7276	5	1
166	117163400046	OS7277	5	1
167	117163400047	OS7278	5	1
168	117163400048	OS7279	5	1
169	117163400049	OS7280	5	1
170	117163400050	OS7281	5	1
171	117163400051	OS7282	5	1
172	117163400052	OS7283	5	1
173	117163400053	OS7284	5	1
174	117163400054	OS7285	5	1
175	117163400055	OS7286	5	1
176	117163400056	OS7287	5	1
177	117163400057	OS7288	5	1
178	117163400058	OS7289	5	1
179	117163400059	OS7290	5	1
180	117163400060	OS7291	5	1
181	117163400061	OS7292	5	1
182	117163400062	OS7293	5	1
183	117163400063	OS7294	5	1
184	117163400064	OS7295	5	1
185	117163400065	OS7296	5	1
186	117163400066	OS7297	5	1
187	117163400067	OS7298	5	1
188	117163400068	OS7299	5	1
189	117163400069	OS7300	5	1
190	117163400070	OS7301	5	1
191	117163400071	OS7302	5	1
192	117163400072	OS7303	5	1
193	117163400073	OS7304	5	1
194	117163400074	OS7305	5	1
195	117163400075	OS7306	5	1
196	117163400076	OS7307	5	1
197	117163400077	OS7308	5	1
198	117163400078	OS7309	5	1
199	117163400079	OS7310	5	1
200	117163400080	OS7311	5	1
201	117163400081	OS7312	5	1
202	117163400082	OS7313	5	1
203	117163400083	OS7314	5	1
204	117163400084	OS7315	5	1
9	117000009397	OS7120	5	1
241	117163400121	OS7352	5	1
242	117163400122	OS7353	5	1
243	117163400123	OS7354	5	1
244	117163400124	OS7355	5	1
245	117163400125	OS7356	5	1
246	117163400126	OS7357	5	1
247	117163400127	OS7358	5	1
248	117163400128	OS7359	5	1
249	117163400129	OS7360	5	1
250	117163400130	OS7361	5	1
251	117163400131	OS7362	5	1
252	117163400132	OS7363	5	1
253	117163400133	OS7364	5	1
254	117163400134	OS7365	5	1
255	117163400135	OS7366	5	1
256	117163400136	OS7367	5	1
257	117163400137	OS7368	5	1
258	117163400138	OS7369	5	1
259	117163400139	OS7370	5	1
260	117163400140	OS7371	5	1
227	117163400107	OS7338	5	1
228	117163400108	OS7339	5	1
229	117163400109	OS7340	5	1
230	117163400110	OS7341	5	1
231	117163400111	OS7342	5	1
232	117163400112	OS7343	5	1
233	117163400113	OS7344	5	1
234	117163400114	OS7345	5	1
235	117163400115	OS7346	5	1
236	117163400116	OS7347	5	1
237	117163400117	OS7348	5	1
238	117163400118	OS7349	5	1
239	117163400119	OS7350	5	1
240	117163400120	OS7351	5	1
294	117163400174	OS7405	5	1
295	117163400175	OS7406	5	1
296	117163400176	OS7407	5	1
297	117163400177	OS7408	5	1
298	117163400178	OS7409	5	1
299	117163400179	OS7410	5	1
300	117163400180	OS7411	5	1
301	117163400181	OS7412	5	1
302	117163400182	OS7413	5	1
303	117163400183	OS7414	5	1
304	117163400184	OS7415	5	1
305	117163400185	OS7416	5	1
306	117163400186	OS7417	5	1
307	117163400187	OS7418	5	1
308	117163400188	OS7419	5	1
309	117163400189	OS7420	5	1
310	117163400190	OS7421	5	1
311	117163400191	OS7422	5	1
312	117163400192	OS7423	5	1
313	117163400193	OS7424	5	1
314	117163400194	OS7425	5	1
315	117163400195	OS7426	5	1
316	117163400196	OS7427	5	1
317	117163400197	OS7428	5	1
318	117163400198	OS7429	5	1
1	117000009405	OS7112	5	1
261	117163400141	OS7372	5	1
262	117163400142	OS7373	5	1
263	117163400143	OS7374	5	1
264	117163400144	OS7375	5	1
265	117163400145	OS7376	5	1
266	117163400146	OS7377	5	1
319	117163400199	OS7430	5	1
320	117163400200	OS7431	5	1
2	117000009404	OS7113	5	1
3	117000009401	OS7114	5	1
4	117000009402	OS7115	5	1
5	117000009403	OS7116	5	1
6	117000009400	OS7117	5	1
7	117000009398	OS7118	5	1
8	117000009399	OS7119	5	1
10	117000009406	OS7121	5	1
11	117000009412	OS7122	5	1
12	117000009413	OS7123	5	1
13	117000009479	OS7124	5	1
14	117000009476	OS7125	5	1
15	117000009477	OS7126	5	1
16	117000009475	OS7127	5	1
17	117000009474	OS7128	5	1
18	117000009473	OS7129	5	1
19	117000009478	OS7130	5	1
20	117000009414	OS7131	5	1
21	117162902465	OS7132	5	1
22	117162902435	OS7133	5	1
23	117162902462	OS7134	5	1
24	117162902433	OS7135	5	1
25	117162902440	OS7136	5	1
26	117162902468	OS7137	5	1
27	117162902472	OS7138	5	1
28	117162902474	OS7139	5	1
29	117162902434	OS7140	5	1
30	117162902432	OS7141	5	1
31	117162902441	OS7142	5	1
32	117162902443	OS7143	5	1
33	117162902431	OS7144	5	1
34	117162902436	OS7145	5	1
35	117162902470	OS7146	5	1
36	117162902457	OS7147	5	1
37	117162902481	OS7148	5	1
38	117162902477	OS7149	5	1
39	117162902476	OS7150	5	1
40	117162902478	OS7151	5	1
41	117162902482	OS7152	5	1
321	PMC000064UN13	FA-V5	6	2
322	PMA005860UN16	FA-V5-0001	6	2
323	PMA005861UN16	FA-V5-0002	6	2
324	PMA005862UN16	FA-V5-0003	6	2
325	PMA005863UN16	FA-V5-0004	6	2
326	PMA005864UN16	FA-V5-0005	6	2
327	PMA005865UN16	FA-V5-0006	6	2
328	PMA005866UN16	FA-V5-0007	6	2
329	PMA005867UN16	FA-V5-0008	6	2
330	PMA005868UN16	FA-V5-0009	6	2
331	PMA005869UN16	FA-V5-0010	6	2
332	PMA005870UN16	FA-V5-0011	6	2
333	PMA005871UN16	FA-V5-0012	6	2
334	PMA005872UN16	FA-V5-0013	6	2
335	PMA005873UN16	FA-V5-0014	6	2
336	PMA005874UN16	FA-V5-0015	6	2
337	PMA005875UN16	FA-V5-0016	6	2
338	PMA005876UN16	FA-V5-0017	6	2
339	PMA005877UN16	FA-V5-0018	6	2
340	PMA005878UN16	FA-V5-0019	6	2
341	PMA005879UN16	FA-V5-0020	6	2
342	PMA005880UN16	FA-V5-0021	6	2
343	PMA005881UN16	FA-V5-0022	6	2
354	PMA005892UN16	FA-V5-0033	6	2
355	PMA005893UN16	FA-V5-0034	6	2
356	PMA005894UN16	FA-V5-0035	6	2
357	PMA005895UN16	FA-V5-0036	6	2
358	PMA005896UN16	FA-V5-0037	6	2
359	PMA005897UN16	FA-V5-0038	6	2
360	PMA005898UN16	FA-V5-0039	6	2
361	PMA005899UN16	FA-V5-0040	6	2
362	PMA005900UN16	FA-V5-0041	6	2
363	PMA005901UN16	FA-V5-0042	6	2
364	PMA005902UN16	FA-V5-0043	6	2
365	PMA005903UN16	FA-V5-0044	6	2
366	PMA005904UN16	FA-V5-0045	6	2
367	PMA005905UN16	FA-V5-0046	6	2
368	PMA005906UN16	FA-V5-0047	6	2
369	PMA005907UN16	FA-V5-0048	6	2
370	PMA005908UN16	FA-V5-0049	6	2
371	PMA005909UN16	FA-V5-0050	6	2
372	PMA005910UN16	FA-V5-0051	6	2
373	PMA005911UN16	FA-V5-0052	6	2
374	PMA005912UN16	FA-V5-0053	6	2
375	PMA005913UN16	FA-V5-0054	6	2
376	PMA005914UN16	FA-V5-0055	6	2
377	PMA005915UN16	FA-V5-0056	6	2
378	PMA005916UN16	FA-V5-0057	6	2
379	PMA005917UN16	FA-V5-0058	6	2
380	PMA005918UN16	FA-V5-0059	6	2
381	PMA005919UN16	FA-V5-0060	6	2
382	PMA005920UN16	FA-V5-0061	6	2
383	PMA005921UN16	FA-V5-0062	6	2
384	PMA005922UN16	FA-V5-0063	6	2
385	PMA005923UN16	FA-V5-0064	6	2
386	PMA005924UN16	FA-V5-0065	6	2
387	PMA005925UN16	FA-V5-0066	6	2
388	PMA005926UN16	FA-V5-0067	6	2
389	PMA005927UN16	FA-V5-0068	6	2
390	PMA005928UN16	FA-V5-0069	6	2
391	PMA005929UN16	FA-V5-0070	6	2
392	PMA005930UN16	FA-V5-0071	6	2
393	PMA005931UN16	FA-V5-0072	6	2
394	PMA005932UN16	FA-V5-0073	6	2
395	PMA005933UN16	FA-V5-0074	6	2
396	PMA005934UN16	FA-V5-0075	6	2
397	PMA005935UN16	FA-V5-0076	6	2
398	PMA005936UN16	FA-V5-0077	6	2
399	PMA005937UN16	FA-V5-0078	6	2
400	PMA005938UN16	FA-V5-0079	6	2
401	PMA005939UN16	FA-V5-0080	6	2
402	PMA005940UN16	FA-V5-0081	6	2
403	PMA005941UN16	FA-V5-0082	6	2
404	PMA005942UN16	FA-V5-0083	6	2
405	PMA005943UN16	FA-V5-0084	6	2
406	PMA005944UN16	FA-V5-0085	6	2
407	PMA005945UN16	FA-V5-0086	6	2
408	PMA005946UN16	FA-V5-0087	6	2
409	PMA005947UN16	FA-V5-0088	6	2
410	PMA005948UN16	FA-V5-0089	6	2
547	PMA006551UN16	FA-V5-0226	6	2
411	PMA005949UN16	FA-V5-0090	6	2
412	PMA005950UN16	FA-V5-0091	6	2
413	PMA005951UN16	FA-V5-0092	6	2
414	PMA005952UN16	FA-V5-0093	6	2
415	PMA005953UN16	FA-V5-0094	6	2
416	PMA005954UN16	FA-V5-0095	6	2
417	PMA005955UN16	FA-V5-0096	6	2
418	PMA005956UN16	FA-V5-0097	6	2
419	PMA005957UN16	FA-V5-0098	6	2
420	PMA005958UN16	FA-V5-0099	6	2
421	PMA005959UN16	FA-V5-0100	6	2
435	PMA006024UN16	FA-V5-0114	6	2
205	117163400085	OS7316	5	1
206	117163400086	OS7317	5	1
207	117163400087	OS7318	5	1
208	117163400088	OS7319	5	1
209	117163400089	OS7320	5	1
210	117163400090	OS7321	5	1
211	117163400091	OS7322	5	1
212	117163400092	OS7323	5	1
213	117163400093	OS7324	5	1
214	117163400094	OS7325	5	1
215	117163400095	OS7326	5	1
216	117163400096	OS7327	5	1
217	117163400097	OS7328	5	1
218	117163400098	OS7329	5	1
219	117163400099	OS7330	5	1
220	117163400100	OS7331	5	1
221	117163400101	OS7332	5	1
222	117163400102	OS7333	5	1
223	117163400103	OS7334	5	1
224	117163400104	OS7335	5	1
225	117163400105	OS7336	5	1
226	117163400106	OS7337	5	1
267	117163400147	OS7378	5	1
268	117163400148	OS7379	5	1
269	117163400149	OS7380	5	1
270	117163400150	OS7381	5	1
271	117163400151	OS7382	5	1
272	117163400152	OS7383	5	1
273	117163400153	OS7384	5	1
274	117163400154	OS7385	5	1
275	117163400155	OS7386	5	1
276	117163400156	OS7387	5	1
277	117163400157	OS7388	5	1
278	117163400158	OS7389	5	1
279	117163400159	OS7390	5	1
280	117163400160	OS7391	5	1
281	117163400161	OS7392	5	1
282	117163400162	OS7393	5	1
283	117163400163	OS7394	5	1
284	117163400164	OS7395	5	1
285	117163400165	OS7396	5	1
286	117163400166	OS7397	5	1
287	117163400167	OS7398	5	1
288	117163400168	OS7399	5	1
289	117163400169	OS7400	5	1
290	117163400170	OS7401	5	1
291	117163400171	OS7402	5	1
292	117163400172	OS7403	5	1
293	117163400173	OS7404	5	1
436	PMA006025UN16	FA-V5-0115	6	2
437	PMA006026UN16	FA-V5-0116	6	2
438	PMA006027UN16	FA-V5-0117	6	2
580	PMA006584UN16	FA-V5-0259	6	2
581	PMA006585UN16	FA-V5-0260	6	2
582	PMA006586UN16	FA-V5-0261	6	2
583	PMA006587UN16	FA-V5-0262	6	2
584	PMA006588UN16	FA-V5-0263	6	2
585	PMA006589UN16	FA-V5-0264	6	2
586	PMA006590UN16	FA-V5-0265	6	2
587	PMA006591UN16	FA-V5-0266	6	2
588	PMA006592UN16	FA-V5-0267	6	2
589	PMA006593UN16	FA-V5-0268	6	2
590	PMA006594UN16	FA-V5-0269	6	2
591	PMA006595UN16	FA-V5-0270	6	2
592	PMA006596UN16	FA-V5-0271	6	2
593	PMA006597UN16	FA-V5-0272	6	2
594	PMA006598UN16	FA-V5-0273	6	2
595	PMA006599UN16	FA-V5-0274	6	2
596	PMA006600UN16	FA-V5-0275	6	2
597	PMA006601UN16	FA-V5-0276	6	2
598	PMA006602UN16	FA-V5-0277	6	2
599	PMA006603UN16	FA-V5-0278	6	2
600	PMA006604UN16	FA-V5-0279	6	2
601	PMA006605UN16	FA-V5-0280	6	2
439	PMA006028UN16	FA-V5-0118	6	2
440	PMA006029UN16	FA-V5-0119	6	2
441	PMA006030UN16	FA-V5-0120	6	2
442	PMA006031UN16	FA-V5-0121	6	2
443	PMA006032UN16	FA-V5-0122	6	2
444	PMA006033UN16	FA-V5-0123	6	2
445	PMA006034UN16	FA-V5-0124	6	2
446	PMA006035UN16	FA-V5-0125	6	2
447	PMA006036UN16	FA-V5-0126	6	2
448	PMA006037UN16	FA-V5-0127	6	2
449	PMA006038UN16	FA-V5-0128	6	2
450	PMA006039UN16	FA-V5-0129	6	2
451	PMA006040UN16	FA-V5-0130	6	2
452	PMA006041UN16	FA-V5-0131	6	2
453	PMA006042UN16	FA-V5-0132	6	2
454	PMA006043UN16	FA-V5-0133	6	2
455	PMA006044UN16	FA-V5-0134	6	2
456	PMA006045UN16	FA-V5-0135	6	2
457	PMA006046UN16	FA-V5-0136	6	2
458	PMA006047UN16	FA-V5-0137	6	2
459	PMA006048UN16	FA-V5-0138	6	2
460	PMA006049UN16	FA-V5-0139	6	2
461	PMA006050UN16	FA-V5-0140	6	2
462	PMA006051UN16	FA-V5-0141	6	2
463	PMA006052UN16	FA-V5-0142	6	2
464	PMA006053UN16	FA-V5-0143	6	2
465	PMA006054UN16	FA-V5-0144	6	2
466	PMA006055UN16	FA-V5-0145	6	2
467	PMA006056UN16	FA-V5-0146	6	2
468	PMA006057UN16	FA-V5-0147	6	2
469	PMA006058UN16	FA-V5-0148	6	2
470	PMA006059UN16	FA-V5-0149	6	2
471	PMA006060UN16	FA-V5-0150	6	2
472	PMA006061UN16	FA-V5-0151	6	2
473	PMA006062UN16	FA-V5-0152	6	2
474	PMA006063UN16	FA-V5-0153	6	2
475	PMA006064UN16	FA-V5-0154	6	2
476	PMA006065UN16	FA-V5-0155	6	2
477	PMA006066UN16	FA-V5-0156	6	2
478	PMA006067UN16	FA-V5-0157	6	2
479	PMA006068UN16	FA-V5-0158	6	2
480	PMA006069UN16	FA-V5-0159	6	2
481	PMA006070UN16	FA-V5-0160	6	2
482	PMA006071UN16	FA-V5-0161	6	2
483	PMA006072UN16	FA-V5-0162	6	2
484	PMA006073UN16	FA-V5-0163	6	2
485	PMA006074UN16	FA-V5-0164	6	2
486	PMA006075UN16	FA-V5-0165	6	2
487	PMA006076UN16	FA-V5-0166	6	2
488	PMA006077UN16	FA-V5-0167	6	2
489	PMA006078UN16	FA-V5-0168	6	2
490	PMA006079UN16	FA-V5-0169	6	2
491	PMA006080UN16	FA-V5-0170	6	2
492	PMA006081UN16	FA-V5-0171	6	2
493	PMA006082UN16	FA-V5-0172	6	2
494	PMA006083UN16	FA-V5-0173	6	2
495	PMA006084UN16	FA-V5-0174	6	2
496	PMA006085UN16	FA-V5-0175	6	2
497	PMA006086UN16	FA-V5-0176	6	2
498	PMA006087UN16	FA-V5-0177	6	2
499	PMA006088UN16	FA-V5-0178	6	2
422	PMA006011UN16	FA-V5-0101	6	2
423	PMA006012UN16	FA-V5-0102	6	2
424	PMA006013UN16	FA-V5-0103	6	2
425	PMA006014UN16	FA-V5-0104	6	2
426	PMA006015UN16	FA-V5-0105	6	2
427	PMA006016UN16	FA-V5-0106	6	2
428	PMA006017UN16	FA-V5-0107	6	2
429	PMA006018UN16	FA-V5-0108	6	2
430	PMA006019UN16	FA-V5-0109	6	2
431	PMA006020UN16	FA-V5-0110	6	2
432	PMA006021UN16	FA-V5-0111	6	2
433	PMA006022UN16	FA-V5-0112	6	2
434	PMA006023UN16	FA-V5-0113	6	2
566	PMA006570UN16	FA-V5-0245	6	2
567	PMA006571UN16	FA-V5-0246	6	2
568	PMA006572UN16	FA-V5-0247	6	2
569	PMA006573UN16	FA-V5-0248	6	2
570	PMA006574UN16	FA-V5-0249	6	2
571	PMA006575UN16	FA-V5-0250	6	2
572	PMA006576UN16	FA-V5-0251	6	2
573	PMA006577UN16	FA-V5-0252	6	2
574	PMA006578UN16	FA-V5-0253	6	2
575	PMA006579UN16	FA-V5-0254	6	2
576	PMA006580UN16	FA-V5-0255	6	2
577	PMA006581UN16	FA-V5-0256	6	2
578	PMA006582UN16	FA-V5-0257	6	2
579	PMA006583UN16	FA-V5-0258	6	2
602	PMA006606UN16	FA-V5-0281	6	2
603	PMA006607UN16	FA-V5-0282	6	2
604	PMA006608UN16	FA-V5-0283	6	2
605	PMA006609UN16	FA-V5-0284	6	2
606	PMA006610UN16	FA-V5-0285	6	2
607	PMA006611UN16	FA-V5-0286	6	2
608	PMA006612UN16	FA-V5-0287	6	2
609	PMA006613UN16	FA-V5-0288	6	2
610	PMA006614UN16	FA-V5-0289	6	2
611	PMA006615UN16	FA-V5-0290	6	2
612	PMA006616UN16	FA-V5-0291	6	2
613	PMA006617UN16	FA-V5-0292	6	2
614	PMA006618UN16	FA-V5-0293	6	2
615	PMA006619UN16	FA-V5-0294	6	2
616	PMA006620UN16	FA-V5-0295	6	2
617	PMA006621UN16	FA-V5-0296	6	2
618	PMA006622UN16	FA-V5-0297	6	2
619	PMA006623UN16	FA-V5-0298	6	2
620	PMA006624UN16	FA-V5-0299	6	2
621	PMA006625UN16	FA-V5-0300	6	2
42	117162902480	OS7153	5	1
43	117162902484	OS7154	5	1
44	117162902487	OS7155	5	1
45	117162902489	OS7156	5	1
46	117162902479	OS7157	5	1
47	117162902490	OS7158	5	1
48	117162902483	OS7159	5	1
49	117162902486	OS7160	5	1
50	117162902458	OS7161	5	1
51	117162902500	OS7162	5	1
52	117162902448	OS7163	5	1
53	117162902449	OS7164	5	1
54	117162902450	OS7165	5	1
500	PMA006089UN16	FA-V5-0179	6	2
501	PMA006090UN16	FA-V5-0180	6	2
502	PMA006091UN16	FA-V5-0181	6	2
503	PMA006092UN16	FA-V5-0182	6	2
504	PMA006093UN16	FA-V5-0183	6	2
505	PMA006094UN16	FA-V5-0184	6	2
506	PMA006095UN16	FA-V5-0185	6	2
507	PMA006096UN16	FA-V5-0186	6	2
508	PMA006097UN16	FA-V5-0187	6	2
509	PMA006098UN16	FA-V5-0188	6	2
510	PMA006099UN16	FA-V5-0189	6	2
511	PMA006100UN16	FA-V5-0190	6	2
512	PMA006101UN16	FA-V5-0191	6	2
513	PMA006102UN16	FA-V5-0192	6	2
514	PMA006103UN16	FA-V5-0193	6	2
515	PMA006104UN16	FA-V5-0194	6	2
516	PMA006105UN16	FA-V5-0195	6	2
517	PMA006106UN16	FA-V5-0196	6	2
518	PMA006107UN16	FA-V5-0197	6	2
519	PMA006108UN16	FA-V5-0198	6	2
520	PMA006109UN16	FA-V5-0199	6	2
521	PMA006110UN16	FA-V5-0200	6	2
522	PMA006526UN16	FA-V5-0201	6	2
523	PMA006527UN16	FA-V5-0202	6	2
524	PMA006528UN16	FA-V5-0203	6	2
525	PMA006529UN16	FA-V5-0204	6	2
526	PMA006530UN16	FA-V5-0205	6	2
527	PMA006531UN16	FA-V5-0206	6	2
528	PMA006532UN16	FA-V5-0207	6	2
529	PMA006533UN16	FA-V5-0208	6	2
530	PMA006534UN16	FA-V5-0209	6	2
531	PMA006535UN16	FA-V5-0210	6	2
532	PMA006536UN16	FA-V5-0211	6	2
533	PMA006537UN16	FA-V5-0212	6	2
534	PMA006538UN16	FA-V5-0213	6	2
535	PMA006539UN16	FA-V5-0214	6	2
536	PMA006540UN16	FA-V5-0215	6	2
537	PMA006541UN16	FA-V5-0216	6	2
538	PMA006542UN16	FA-V5-0217	6	2
539	PMA006543UN16	FA-V5-0218	6	2
540	PMA006544UN16	FA-V5-0219	6	2
541	PMA006545UN16	FA-V5-0220	6	2
542	PMA006546UN16	FA-V5-0221	6	2
543	PMA006547UN16	FA-V5-0222	6	2
544	PMA006548UN16	FA-V5-0223	6	2
545	PMA006549UN16	FA-V5-0224	6	2
546	PMA006550UN16	FA-V5-0225	6	2
548	PMA006552UN16	FA-V5-0227	6	2
549	PMA006553UN16	FA-V5-0228	6	2
550	PMA006554UN16	FA-V5-0229	6	2
551	PMA006555UN16	FA-V5-0230	6	2
552	PMA006556UN16	FA-V5-0231	6	2
553	PMA006557UN16	FA-V5-0232	6	2
554	PMA006558UN16	FA-V5-0233	6	2
555	PMA006559UN16	FA-V5-0234	6	2
556	PMA006560UN16	FA-V5-0235	6	2
557	PMA006561UN16	FA-V5-0236	6	2
558	PMA006562UN16	FA-V5-0237	6	2
559	PMA006563UN16	FA-V5-0238	6	2
560	PMA006564UN16	FA-V5-0239	6	2
561	PMA006565UN16	FA-V5-0240	6	2
562	PMA006566UN16	FA-V5-0241	6	2
563	PMA006567UN16	FA-V5-0242	6	2
564	PMA006568UN16	FA-V5-0243	6	2
344	PMA005882UN16	FA-V5-0023	6	2
345	PMA005883UN16	FA-V5-0024	6	2
346	PMA005884UN16	FA-V5-0025	6	2
347	PMA005885UN16	FA-V5-0026	6	2
348	PMA005886UN16	FA-V5-0027	6	2
349	PMA005887UN16	FA-V5-0028	6	2
350	PMA005888UN16	FA-V5-0029	6	2
351	PMA005889UN16	FA-V5-0030	6	2
352	PMA005890UN16	FA-V5-0031	6	2
565	PMA006569UN16	FA-V5-0244	6	2
\.


--
-- TOC entry 3047 (class 0 OID 33181)
-- Dependencies: 209
-- Data for Name: locations; Type: TABLE DATA; Schema: public; Owner: postgres
--

COPY public.locations (id, title) FROM stdin;
1	magacin
2	servis
3	kontrola
4	Predrag Bijelić
5	Vladimir Đukelić
6	Veljko Vlahović
\.


--
-- TOC entry 3049 (class 0 OID 33189)
-- Dependencies: 211
-- Data for Name: devices_locations; Type: TABLE DATA; Schema: public; Owner: postgres
--

COPY public.devices_locations (id, device_id, location_id) FROM stdin;
466	466	1
46	46	1
47	47	1
48	48	1
49	49	1
50	50	1
51	51	1
52	52	1
53	53	1
54	54	1
55	55	1
57	57	1
1	1	1
373	373	1
9	9	1
58	58	1
59	59	1
60	60	1
61	61	1
62	62	1
63	63	1
64	64	1
65	65	1
66	66	1
67	67	1
68	68	1
69	69	1
70	70	1
71	71	1
72	72	1
73	73	1
74	74	1
75	75	1
76	76	1
77	77	1
78	78	1
79	79	1
80	80	1
81	81	1
82	82	1
83	83	1
84	84	1
85	85	1
86	86	1
87	87	1
88	88	1
89	89	1
90	90	1
91	91	1
92	92	1
93	93	1
94	94	1
95	95	1
96	96	1
97	97	1
98	98	1
99	99	1
100	100	1
565	565	1
566	566	1
567	567	1
568	568	1
569	569	1
570	570	1
571	571	1
572	572	1
573	573	1
574	574	1
102	102	1
103	103	1
104	104	1
186	186	1
152	152	1
153	153	1
154	154	1
155	155	1
156	156	1
157	157	1
158	158	1
159	159	1
160	160	1
161	161	1
162	162	1
163	163	1
164	164	1
165	165	1
166	166	1
167	167	1
168	168	1
169	169	1
170	170	1
171	171	1
172	172	1
173	173	1
174	174	1
175	175	1
176	176	1
177	177	1
178	178	1
179	179	1
180	180	1
181	181	1
182	182	1
183	183	1
184	184	1
185	185	1
187	187	1
188	188	1
189	189	1
190	190	1
191	191	1
192	192	1
193	193	1
194	194	1
195	195	1
196	196	1
197	197	1
198	198	1
199	199	1
200	200	1
201	201	1
202	202	1
203	203	1
204	204	1
205	205	1
206	206	1
207	207	1
208	208	1
209	209	1
210	210	1
211	211	1
212	212	1
213	213	1
214	214	1
215	215	1
216	216	1
217	217	1
218	218	1
219	219	1
220	220	1
221	221	1
222	222	1
223	223	1
224	224	1
225	225	1
226	226	1
227	227	1
228	228	1
229	229	1
230	230	1
233	233	1
234	234	1
235	235	1
236	236	1
237	237	1
238	238	1
239	239	1
240	240	1
241	241	1
242	242	1
243	243	1
244	244	1
245	245	1
246	246	1
247	247	1
248	248	1
249	249	1
250	250	1
251	251	1
252	252	1
253	253	1
254	254	1
255	255	1
256	256	1
257	257	1
258	258	1
259	259	1
260	260	1
261	261	1
262	262	1
263	263	1
264	264	1
265	265	1
266	266	1
267	267	1
268	268	1
269	269	1
270	270	1
271	271	1
272	272	1
273	273	1
274	274	1
275	275	1
276	276	1
277	277	1
278	278	1
279	279	1
280	280	1
281	281	1
282	282	1
283	283	1
284	284	1
286	286	1
287	287	1
288	288	1
289	289	1
290	290	1
291	291	1
292	292	1
293	293	1
294	294	1
295	295	1
296	296	1
297	297	1
298	298	1
299	299	1
300	300	1
301	301	1
302	302	1
303	303	1
304	304	1
305	305	1
306	306	1
307	307	1
308	308	1
309	309	1
310	310	1
311	311	1
312	312	1
313	313	1
7	7	1
314	314	1
315	315	1
316	316	1
317	317	1
318	318	1
319	319	1
320	320	1
321	321	1
322	322	1
323	323	1
324	324	1
325	325	1
326	326	1
327	327	1
328	328	1
329	329	1
330	330	1
331	331	1
332	332	1
333	333	1
334	334	1
335	335	1
336	336	1
337	337	1
371	371	1
339	339	1
340	340	1
341	341	1
343	343	1
344	344	1
345	345	1
346	346	1
347	347	1
348	348	1
349	349	1
350	350	1
351	351	1
352	352	1
353	353	1
354	354	1
355	355	1
356	356	1
357	357	1
358	358	1
359	359	1
360	360	1
361	361	1
362	362	1
363	363	1
364	364	1
365	365	1
366	366	1
367	367	1
368	368	1
369	369	1
370	370	1
372	372	1
374	374	1
375	375	1
376	376	1
377	377	1
378	378	1
379	379	1
380	380	1
381	381	1
384	384	1
385	385	1
386	386	1
387	387	1
388	388	1
389	389	1
390	390	1
391	391	1
392	392	1
393	393	1
394	394	1
395	395	1
396	396	1
397	397	1
398	398	1
399	399	1
400	400	1
401	401	1
402	402	1
403	403	1
404	404	1
405	405	1
406	406	1
407	407	1
408	408	1
409	409	1
410	410	1
411	411	1
412	412	1
413	413	1
414	414	1
415	415	1
416	416	1
418	418	1
419	419	1
512	512	1
513	513	1
514	514	1
515	515	1
516	516	1
517	517	1
518	518	1
519	519	1
520	520	1
521	521	1
522	522	1
523	523	1
524	524	1
525	525	1
526	526	1
527	527	1
528	528	1
529	529	1
530	530	1
531	531	1
532	532	1
533	533	1
534	534	1
535	535	1
536	536	1
537	537	1
538	538	1
558	558	1
559	559	1
560	560	1
561	561	1
562	562	1
563	563	1
564	564	1
2	2	1
3	3	1
4	4	1
5	5	1
6	6	1
11	11	1
12	12	1
13	13	1
14	14	1
15	15	1
16	16	1
17	17	1
18	18	1
19	19	1
20	20	1
21	21	1
22	22	1
23	23	1
24	24	1
26	26	1
27	27	1
28	28	1
29	29	1
30	30	1
31	31	1
32	32	1
33	33	1
34	34	1
35	35	1
36	36	1
37	37	1
38	38	1
39	39	1
40	40	1
41	41	1
42	42	1
43	43	1
44	44	1
45	45	1
101	101	1
285	285	1
417	417	1
342	342	1
10	10	1
25	25	1
556	556	1
557	557	1
105	105	1
106	106	1
107	107	1
56	56	1
108	108	1
109	109	1
110	110	1
111	111	1
112	112	1
113	113	1
114	114	1
115	115	1
116	116	1
117	117	1
118	118	1
119	119	1
120	120	1
121	121	1
122	122	1
123	123	1
124	124	1
125	125	1
126	126	1
127	127	1
128	128	1
129	129	1
130	130	1
131	131	1
132	132	1
133	133	1
134	134	1
135	135	1
136	136	1
137	137	1
138	138	1
139	139	1
140	140	1
141	141	1
142	142	1
143	143	1
144	144	1
145	145	1
146	146	1
147	147	1
148	148	1
149	149	1
150	150	1
151	151	1
231	231	1
232	232	1
420	420	1
421	421	1
422	422	1
423	423	1
424	424	1
425	425	1
426	426	1
427	427	1
428	428	1
429	429	1
430	430	1
431	431	1
432	432	1
433	433	1
434	434	1
435	435	1
436	436	1
437	437	1
438	438	1
439	439	1
440	440	1
441	441	1
442	442	1
443	443	1
444	444	1
445	445	1
446	446	1
447	447	1
448	448	1
449	449	1
450	450	1
451	451	1
452	452	1
453	453	1
454	454	1
455	455	1
456	456	1
457	457	1
458	458	1
459	459	1
460	460	1
461	461	1
462	462	1
463	463	1
464	464	1
465	465	1
467	467	1
468	468	1
469	469	1
470	470	1
471	471	1
472	472	1
473	473	1
511	511	1
474	474	1
475	475	1
476	476	1
477	477	1
478	478	1
479	479	1
480	480	1
481	481	1
482	482	1
483	483	1
484	484	1
485	485	1
486	486	1
487	487	1
488	488	1
489	489	1
490	490	1
491	491	1
492	492	1
493	493	1
494	494	1
495	495	1
496	496	1
497	497	1
498	498	1
499	499	1
500	500	1
501	501	1
502	502	1
503	503	1
504	504	1
505	505	1
506	506	1
507	507	1
508	508	1
509	509	1
510	510	1
539	539	1
540	540	1
541	541	1
542	542	1
543	543	1
544	544	1
545	545	1
546	546	1
547	547	1
548	548	1
549	549	1
550	550	1
551	551	1
552	552	1
553	553	1
554	554	1
555	555	1
575	575	1
576	576	1
577	577	1
578	578	1
579	579	1
580	580	1
581	581	1
582	582	1
583	583	1
584	584	1
585	585	1
586	586	1
587	587	1
588	588	1
338	338	1
589	589	1
590	590	1
591	591	1
592	592	1
593	593	1
594	594	1
595	595	1
596	596	1
597	597	1
598	598	1
599	599	1
600	600	1
601	601	1
602	602	1
603	603	1
604	604	1
605	605	1
606	606	1
607	607	1
608	608	1
609	609	1
610	610	1
611	611	1
612	612	1
613	613	1
614	614	1
615	615	1
616	616	1
617	617	1
618	618	1
619	619	1
620	620	1
621	621	1
382	382	1
8	8	1
383	383	1
\.


--
-- TOC entry 3073 (class 0 OID 34014)
-- Dependencies: 235
-- Data for Name: software_v; Type: TABLE DATA; Schema: public; Owner: postgres
--

COPY public.software_v (id, software) FROM stdin;
1	1222
2	1234
3	1235
\.


--
-- TOC entry 3075 (class 0 OID 34066)
-- Dependencies: 237
-- Data for Name: devices_softwares; Type: TABLE DATA; Schema: public; Owner: postgres
--

COPY public.devices_softwares (id, device_id, software_v_id, date) FROM stdin;
1	1	3	2018-11-02 12:12:49.299651
2	2	3	2018-11-02 12:12:49.348654
3	3	3	2018-11-02 12:12:49.350654
4	4	3	2018-11-02 12:12:49.350654
5	5	3	2018-11-02 12:12:49.352654
6	6	3	2018-11-02 12:12:49.352654
7	7	3	2018-11-02 12:12:49.353654
8	8	3	2018-11-02 12:12:49.371655
9	9	3	2018-11-02 12:12:49.372656
10	10	3	2018-11-02 12:12:49.373656
11	11	3	2018-11-02 12:12:49.374656
12	12	3	2018-11-02 12:12:49.375656
13	13	3	2018-11-02 12:12:49.376656
14	14	3	2018-11-02 12:12:49.377656
15	15	3	2018-11-02 12:12:49.378656
16	16	3	2018-11-02 12:12:49.379656
17	17	3	2018-11-02 12:12:49.380656
18	18	3	2018-11-02 12:12:49.381656
19	19	3	2018-11-02 12:12:49.382656
20	20	3	2018-11-02 12:12:49.383656
21	21	3	2018-11-02 12:12:49.384656
22	22	3	2018-11-02 12:12:49.385656
23	23	3	2018-11-02 12:12:49.385656
24	24	3	2018-11-02 12:12:49.387656
25	25	3	2018-11-02 12:12:49.388656
26	26	3	2018-11-02 12:12:49.388656
27	27	3	2018-11-02 12:12:49.389656
28	28	3	2018-11-02 12:12:49.390657
29	29	3	2018-11-02 12:12:49.391657
30	30	3	2018-11-02 12:12:49.392657
31	31	3	2018-11-02 12:12:49.393657
32	32	3	2018-11-02 12:12:49.394657
33	33	3	2018-11-02 12:12:49.396657
34	34	3	2018-11-02 12:12:49.397657
35	35	3	2018-11-02 12:12:49.420658
36	36	3	2018-11-02 12:12:49.421658
37	37	3	2018-11-02 12:12:49.421658
38	38	3	2018-11-02 12:12:49.422658
39	39	3	2018-11-02 12:12:49.423658
40	40	3	2018-11-02 12:12:49.424658
41	41	3	2018-11-02 12:12:49.425659
42	42	3	2018-11-02 12:12:49.426659
43	43	3	2018-11-02 12:12:49.428659
44	44	3	2018-11-02 12:12:49.431659
45	45	3	2018-11-02 12:12:49.432659
46	46	3	2018-11-02 12:12:49.433659
47	47	3	2018-11-02 12:12:49.434659
48	48	3	2018-11-02 12:12:49.435659
49	49	3	2018-11-02 12:12:49.436659
50	50	3	2018-11-02 12:12:49.437659
51	51	3	2018-11-02 12:12:49.437659
52	52	3	2018-11-02 12:12:49.438659
53	53	3	2018-11-02 12:12:49.439659
54	54	3	2018-11-02 12:12:49.440659
55	55	3	2018-11-02 12:12:49.441659
56	56	3	2018-11-02 12:12:49.45566
57	57	3	2018-11-02 12:12:49.45666
58	58	3	2018-11-02 12:12:49.45766
59	59	3	2018-11-02 12:12:49.45866
60	60	3	2018-11-02 12:12:49.45966
61	61	3	2018-11-02 12:12:49.45966
62	62	3	2018-11-02 12:12:49.460661
63	63	3	2018-11-02 12:12:49.462661
64	64	3	2018-11-02 12:12:49.463661
65	65	3	2018-11-02 12:12:49.464661
66	66	3	2018-11-02 12:12:49.465661
67	67	3	2018-11-02 12:12:49.466661
68	68	3	2018-11-02 12:12:49.467661
69	69	3	2018-11-02 12:12:49.469661
70	70	3	2018-11-02 12:12:49.470661
71	71	3	2018-11-02 12:12:49.471661
72	72	3	2018-11-02 12:12:49.472661
73	73	3	2018-11-02 12:12:49.473661
74	74	3	2018-11-02 12:12:49.473661
75	75	3	2018-11-02 12:12:49.474661
76	76	3	2018-11-02 12:12:49.475661
77	77	3	2018-11-02 12:12:49.476661
78	78	3	2018-11-02 12:12:49.477662
79	79	3	2018-11-02 12:12:49.479662
80	80	3	2018-11-02 12:12:49.480662
81	81	3	2018-11-02 12:12:49.481662
82	82	3	2018-11-02 12:12:49.482662
83	83	3	2018-11-02 12:12:49.483662
84	84	3	2018-11-02 12:12:49.483662
85	85	3	2018-11-02 12:12:49.484662
86	86	3	2018-11-02 12:12:49.485662
87	87	3	2018-11-02 12:12:49.486662
88	88	3	2018-11-02 12:12:49.487662
89	89	3	2018-11-02 12:12:49.488662
90	90	3	2018-11-02 12:12:49.489662
91	91	3	2018-11-02 12:12:49.490662
92	92	3	2018-11-02 12:12:49.491662
93	93	3	2018-11-02 12:12:49.491662
94	94	3	2018-11-02 12:12:49.492662
95	95	3	2018-11-02 12:12:49.493662
96	96	3	2018-11-02 12:12:49.494662
97	97	3	2018-11-02 12:12:49.496663
98	98	3	2018-11-02 12:12:49.497663
99	99	3	2018-11-02 12:12:49.498663
100	100	3	2018-11-02 12:12:49.499663
101	101	3	2018-11-02 12:12:49.500663
102	102	3	2018-11-02 12:12:49.501663
103	103	3	2018-11-02 12:12:49.502663
104	104	3	2018-11-02 12:12:49.504663
105	105	3	2018-11-02 12:12:49.505663
106	106	3	2018-11-02 12:12:49.505663
107	107	3	2018-11-02 12:12:49.506663
108	108	3	2018-11-02 12:12:49.507663
109	109	3	2018-11-02 12:12:49.508663
110	110	3	2018-11-02 12:12:49.509663
111	111	3	2018-11-02 12:12:49.510663
112	112	3	2018-11-02 12:12:49.511663
113	113	3	2018-11-02 12:12:49.513664
114	114	3	2018-11-02 12:12:49.514664
115	115	3	2018-11-02 12:12:49.515664
116	116	3	2018-11-02 12:12:49.516664
117	117	3	2018-11-02 12:12:49.517664
118	118	3	2018-11-02 12:12:49.518664
119	119	3	2018-11-02 12:12:49.519664
120	120	3	2018-11-02 12:12:49.520664
121	121	3	2018-11-02 12:12:49.522664
122	122	3	2018-11-02 12:12:49.523664
123	123	3	2018-11-02 12:12:49.524664
124	124	3	2018-11-02 12:12:49.527664
125	125	3	2018-11-02 12:12:49.530665
126	126	3	2018-11-02 12:12:49.531665
127	127	3	2018-11-02 12:12:49.532665
128	128	3	2018-11-02 12:12:49.533665
129	129	3	2018-11-02 12:12:49.534665
130	130	3	2018-11-02 12:12:49.535665
131	131	3	2018-11-02 12:12:49.537665
132	132	3	2018-11-02 12:12:49.538665
133	133	3	2018-11-02 12:12:49.539665
134	134	3	2018-11-02 12:12:49.540665
135	135	3	2018-11-02 12:12:49.541665
136	136	3	2018-11-02 12:12:49.542665
137	137	3	2018-11-02 12:12:49.542665
138	138	3	2018-11-02 12:12:49.543665
139	139	3	2018-11-02 12:12:49.544665
140	140	3	2018-11-02 12:12:49.547666
141	141	3	2018-11-02 12:12:49.549666
142	142	3	2018-11-02 12:12:49.550666
143	143	3	2018-11-02 12:12:49.551666
144	144	3	2018-11-02 12:12:49.552666
145	145	3	2018-11-02 12:12:49.553666
146	146	3	2018-11-02 12:12:49.554666
147	147	3	2018-11-02 12:12:49.555666
148	148	3	2018-11-02 12:12:49.556666
149	149	3	2018-11-02 12:12:49.557666
150	150	3	2018-11-02 12:12:49.558666
151	151	3	2018-11-02 12:12:49.559666
152	152	3	2018-11-02 12:12:49.560666
153	153	3	2018-11-02 12:12:49.560666
154	154	3	2018-11-02 12:12:49.561666
155	155	3	2018-11-02 12:12:49.563666
156	156	3	2018-11-02 12:12:49.564666
157	157	3	2018-11-02 12:12:49.565667
158	158	3	2018-11-02 12:12:49.566667
159	159	3	2018-11-02 12:12:49.569667
160	160	3	2018-11-02 12:12:49.570667
161	161	3	2018-11-02 12:12:49.571667
162	162	3	2018-11-02 12:12:49.572667
163	163	3	2018-11-02 12:12:49.573667
164	164	3	2018-11-02 12:12:49.574667
165	165	3	2018-11-02 12:12:49.575667
166	166	3	2018-11-02 12:12:49.576667
167	167	3	2018-11-02 12:12:49.576667
168	168	3	2018-11-02 12:12:49.577667
169	169	3	2018-11-02 12:12:49.580667
170	170	3	2018-11-02 12:12:49.581667
171	171	3	2018-11-02 12:12:49.583668
172	172	3	2018-11-02 12:12:49.584668
173	173	3	2018-11-02 12:12:49.585668
174	174	3	2018-11-02 12:12:49.586668
175	175	3	2018-11-02 12:12:49.587668
176	176	3	2018-11-02 12:12:49.588668
177	177	3	2018-11-02 12:12:49.589668
178	178	3	2018-11-02 12:12:49.589668
179	179	3	2018-11-02 12:12:49.590668
180	180	3	2018-11-02 12:12:49.591668
181	181	3	2018-11-02 12:12:49.592668
182	182	3	2018-11-02 12:12:49.593668
183	183	3	2018-11-02 12:12:49.594668
184	184	3	2018-11-02 12:12:49.596668
185	185	3	2018-11-02 12:12:49.597668
186	186	3	2018-11-02 12:12:49.598668
187	187	3	2018-11-02 12:12:49.599668
188	188	3	2018-11-02 12:12:49.600669
189	189	3	2018-11-02 12:12:49.601669
190	190	3	2018-11-02 12:12:49.602669
191	191	3	2018-11-02 12:12:49.603669
192	192	3	2018-11-02 12:12:49.604669
193	193	3	2018-11-02 12:12:49.605669
194	194	3	2018-11-02 12:12:49.606669
195	195	3	2018-11-02 12:12:49.607669
196	196	3	2018-11-02 12:12:49.608669
197	197	3	2018-11-02 12:12:49.609669
198	198	3	2018-11-02 12:12:49.610669
199	199	3	2018-11-02 12:12:49.611669
200	200	3	2018-11-02 12:12:49.613669
201	201	3	2018-11-02 12:12:49.614669
202	202	3	2018-11-02 12:12:49.615669
203	203	3	2018-11-02 12:12:49.616669
204	204	3	2018-11-02 12:12:49.61767
205	205	3	2018-11-02 12:12:49.61867
206	206	3	2018-11-02 12:12:49.62067
207	207	3	2018-11-02 12:12:49.62067
208	208	3	2018-11-02 12:12:49.62267
209	209	3	2018-11-02 12:12:49.62267
210	210	3	2018-11-02 12:12:49.62367
211	211	3	2018-11-02 12:12:49.62467
212	212	3	2018-11-02 12:12:49.62567
213	213	3	2018-11-02 12:12:49.62667
214	214	3	2018-11-02 12:12:49.62767
215	215	3	2018-11-02 12:12:49.62767
216	216	3	2018-11-02 12:12:49.63067
217	217	3	2018-11-02 12:12:49.63167
218	218	3	2018-11-02 12:12:49.63167
219	219	3	2018-11-02 12:12:49.63367
220	220	3	2018-11-02 12:12:49.63467
221	221	3	2018-11-02 12:12:49.635671
222	222	3	2018-11-02 12:12:49.636671
223	223	3	2018-11-02 12:12:49.637671
224	224	3	2018-11-02 12:12:49.638671
225	225	3	2018-11-02 12:12:49.639671
226	226	3	2018-11-02 12:12:49.639671
227	227	3	2018-11-02 12:12:49.640671
228	228	3	2018-11-02 12:12:49.641671
229	229	3	2018-11-02 12:12:49.642671
230	230	3	2018-11-02 12:12:49.643671
231	231	3	2018-11-02 12:12:49.644671
232	232	3	2018-11-02 12:12:49.646671
233	233	3	2018-11-02 12:12:49.647671
234	234	3	2018-11-02 12:12:49.648671
235	235	3	2018-11-02 12:12:49.649671
236	236	3	2018-11-02 12:12:49.651671
237	237	3	2018-11-02 12:12:49.652672
238	238	3	2018-11-02 12:12:49.657672
239	239	3	2018-11-02 12:12:49.658672
240	240	3	2018-11-02 12:12:49.660672
241	241	3	2018-11-02 12:12:49.660672
242	242	3	2018-11-02 12:12:49.661672
243	243	3	2018-11-02 12:12:49.664672
244	244	3	2018-11-02 12:12:49.665672
245	245	3	2018-11-02 12:12:49.666672
246	246	3	2018-11-02 12:12:49.667672
247	247	3	2018-11-02 12:12:49.669672
248	248	3	2018-11-02 12:12:49.670673
249	249	3	2018-11-02 12:12:49.671673
250	250	3	2018-11-02 12:12:49.672673
251	251	3	2018-11-02 12:12:49.673673
252	252	3	2018-11-02 12:12:49.673673
253	253	3	2018-11-02 12:12:49.674673
254	254	3	2018-11-02 12:12:49.675673
255	255	3	2018-11-02 12:12:49.676673
256	256	3	2018-11-02 12:12:49.677673
257	257	3	2018-11-02 12:12:49.680673
258	258	3	2018-11-02 12:12:49.681673
259	259	3	2018-11-02 12:12:49.683673
260	260	3	2018-11-02 12:12:49.684673
261	261	3	2018-11-02 12:12:49.685673
262	262	3	2018-11-02 12:12:49.686673
263	263	3	2018-11-02 12:12:49.687674
264	264	3	2018-11-02 12:12:49.688674
265	265	3	2018-11-02 12:12:49.705675
266	266	3	2018-11-02 12:12:49.707675
267	267	3	2018-11-02 12:12:49.708675
268	268	3	2018-11-02 12:12:49.709675
269	269	3	2018-11-02 12:12:49.709675
270	270	3	2018-11-02 12:12:49.710675
271	271	3	2018-11-02 12:12:49.712675
272	272	3	2018-11-02 12:12:49.713675
273	273	3	2018-11-02 12:12:49.714675
274	274	3	2018-11-02 12:12:49.715675
275	275	3	2018-11-02 12:12:49.716675
276	276	3	2018-11-02 12:12:49.717675
277	277	3	2018-11-02 12:12:49.718675
278	278	3	2018-11-02 12:12:49.719675
279	279	3	2018-11-02 12:12:49.720675
280	280	3	2018-11-02 12:12:49.721675
281	281	3	2018-11-02 12:12:49.721675
282	282	3	2018-11-02 12:12:49.722676
283	283	3	2018-11-02 12:12:49.723676
284	284	3	2018-11-02 12:12:49.724676
285	285	3	2018-11-02 12:12:49.725676
286	286	3	2018-11-02 12:12:49.726676
287	287	3	2018-11-02 12:12:49.727676
288	288	3	2018-11-02 12:12:49.729676
289	289	3	2018-11-02 12:12:49.730676
290	290	3	2018-11-02 12:12:49.731676
291	291	3	2018-11-02 12:12:49.732676
292	292	3	2018-11-02 12:12:49.733676
293	293	3	2018-11-02 12:12:49.735676
294	294	3	2018-11-02 12:12:49.736676
295	295	3	2018-11-02 12:12:49.737676
296	296	3	2018-11-02 12:12:49.738676
297	297	3	2018-11-02 12:12:49.739676
298	298	3	2018-11-02 12:12:49.739676
299	299	3	2018-11-02 12:12:49.740677
300	300	3	2018-11-02 12:12:49.741677
301	301	3	2018-11-02 12:12:49.742677
302	302	3	2018-11-02 12:12:49.743677
303	303	3	2018-11-02 12:12:49.744677
304	304	3	2018-11-02 12:12:49.745677
305	305	3	2018-11-02 12:12:49.747677
306	306	3	2018-11-02 12:12:49.748677
307	307	3	2018-11-02 12:12:49.749677
308	308	3	2018-11-02 12:12:49.750677
309	309	3	2018-11-02 12:12:49.751677
310	310	3	2018-11-02 12:12:49.753677
311	311	3	2018-11-02 12:12:49.754677
312	312	3	2018-11-02 12:12:49.755677
313	313	3	2018-11-02 12:12:49.756677
314	314	3	2018-11-02 12:12:49.757678
315	315	3	2018-11-02 12:12:49.758678
316	316	3	2018-11-02 12:12:49.759678
317	317	3	2018-11-02 12:12:49.760678
318	318	3	2018-11-02 12:12:49.761678
319	319	3	2018-11-02 12:12:49.763678
320	320	3	2018-11-02 12:12:49.764678
\.


--
-- TOC entry 3077 (class 0 OID 34085)
-- Dependencies: 239
-- Data for Name: devices_writes_off; Type: TABLE DATA; Schema: public; Owner: postgres
--

COPY public.devices_writes_off (id, device_id, date) FROM stdin;
1	304	2018-11-06 12:28:12.576221
\.


--
-- TOC entry 3037 (class 0 OID 24883)
-- Dependencies: 199
-- Data for Name: sim_cards; Type: TABLE DATA; Schema: public; Owner: postgres
--

COPY public.sim_cards (id, network, num, iccid, purpose) FROM stdin;
1	38165	8822109	89381030000 154297925	kontrola
2	38165	8822113	89381030000 154297933	kontrola
3	38165	8822114	89381030000 154297941	kontrola
4	38165	8822115	89381030000 154297958	kontrola
5	38165	8822119	89381030000 154297990	kontrola
6	38165	8822124	89381030000 154298014	kontrola
7	38165	8822127	89381030000 154298048	kontrola
8	38165	8822137	89381030000 154298113	kontrola
9	38165	8822138	89381030000 154298121	kontrola
10	38165	8822139	89381030000 154298139	kontrola
11	38165	8822140	89381030000 154298147	kontrola
12	38165	8822142	89381030000 154298154	kontrola
13	38165	8822143	89381030000 154298162	kontrola
14	38165	8822148	89381030000 154298196	kontrola
15	38165	8822149	89381030000 154298204	kontrola
16	38165	8822152	89381030000 260249455	kontrola
17	38165	8822154	89381030000 154298246	kontrola
18	38165	8822156	89381030000 154298253	kontrola
19	38165	8822160	89381030000 154298279	kontrola
20	38165	8822164	89381030000 154378311	kontrola
21	38165	8822165	89381030000 154378329	kontrola
22	38165	8822166	89381030000 154378337	kontrola
23	38165	8822168	89381030000 154378352	kontrola
24	38165	8822171	89381030000 154378360	kontrola
25	38165	8822172	89381030000 154378378	kontrola
26	38165	8822174	89381030000 154378394	kontrola
27	38165	8822175	89381030000 154378402	kontrola
28	38165	8822176	89381030000 154378410	kontrola
29	38165	8822177	89381030000 154378428	kontrola
30	38165	8822178	89381030000 154378436	kontrola
31	38165	8822179	89381030000 154378444	kontrola
32	38165	8822183	89381030000 154378469	kontrola
33	38165	8822184	89381030000 154378477	kontrola
34	38165	8822187	89381030000 154378501	kontrola
35	38165	8822189	89381030000 154378519	kontrola
36	38165	8822192	89381030000 154378535	kontrola
37	38165	8822193	89381030000 154378543	kontrola
38	38165	8822194	89381030000 154378550	kontrola
39	38165	8822195	89381030000 154378568	kontrola
40	38165	8822196	89381030000 154378576	kontrola
41	38165	8822198	89381030000 154378592	kontrola
42	38165	8822201	89381030000 154378626	kontrola
43	38165	8822202	89381030000 154378618	kontrola
44	38165	8822206	89381030000 155496450	kontrola
45	38165	8822213	89381030000 154378683	kontrola
46	38165	8822214	89381030000 154378691	kontrola
47	38165	8822215	89381030000 154763371	kontrola
48	38165	8822218	89381030000 154378725	kontrola
49	38165	8822219	89381030000 154378733	kontrola
50	38165	8822236	89381030000 154378774	kontrola
51	38165	8822237	89381030000 154378782	kontrola
52	38165	8822238	89381030000 165491855	kontrola
53	38165	8822239	89381030000 154378808	kontrola
54	38165	8822240	89381030000 154378816	kontrola
55	38165	8822243	89381030000 154378832	kontrola
56	38165	8822246	89381030000 169690791	kontrola
57	38165	8822249	89381030000 154378857	kontrola
58	38165	8822250	89381030000 243631753	kontrola
59	38165	8822251	89381030000 154378873	kontrola
60	38165	8822253	89381030000 255183149	kontrola
61	38165	8822254	89381030000 154378899	kontrola
62	38165	8822257	89381030000 154378915	kontrola
63	38165	8822259	89381030000 154378931	kontrola
64	38165	8822260	89381030000 154378949	kontrola
65	38165	8822267	89381030000 154378998	kontrola
66	38165	8822268	89381030000 154379004	kontrola
67	38165	8822271	89381030000 154379020	kontrola
68	38165	8822274	89381030000 154379046	kontrola
69	38165	8822278	89381030000 154379079	kontrola
70	38165	8822280	89381030000 154379095	kontrola
71	38165	8822281	89381030000 165117856	kontrola
72	38165	8822283	89381030000 154379111	kontrola
73	38165	8822287	89381030000 154379152	kontrola
74	38165	8822290	89381030000 154379160	kontrola
75	38165	8822291	89381030000 154379178	kontrola
76	38165	8822292	89381030000 154379186	kontrola
77	38165	8822295	89381030000 154379210	kontrola
78	38165	8822298	89381030000 154379236	kontrola
79	38165	8822304	89381030000 154379251	kontrola
80	38165	8822305	89381030000 154379269	kontrola
81	38165	8822310	89381030000 154379301	kontrola
82	38165	8822313	89381030000 154379327	kontrola
83	38165	8822314	89381030000 154379335	kontrola
84	38165	8822315	89381030000 154379343	kontrola
85	38165	8822316	89381030000 154379350	kontrola
86	38165	8822318	89381030000 154379376	kontrola
87	38165	8822320	89381030000 154379392	kontrola
88	38165	8822323	89381030000 154379400	kontrola
89	38165	8822324	89381030000 154379418	kontrola
90	38165	8822327	89381030000 231436819	kontrola
91	38165	8822329	89381030000 154379467	kontrola
92	38165	8822330	89381030000 154379475	kontrola
93	38165	8822331	89381030000 231205065	kontrola
94	38165	8822337	89381030000 154379509	kontrola
95	38165	8822339	89381030000 154379517	kontrola
96	38165	8822341	89381030000 154379525	kontrola
97	38165	8822346	89381030000 154379533	kontrola
98	38165	8822348	89381030000 154379541	kontrola
99	38165	8822350	89381030000 154379566	kontrola
100	38165	8822351	89381030000 154379574	kontrola
101	38165	8822353	89381030000 154379590	kontrola
102	38165	8822354	89381030000 154379608	kontrola
103	38165	8822356	89381030000 154379624	kontrola
104	38165	8822358	89381030000 154379632	kontrola
105	38165	8822359	89381030000 154379640	kontrola
106	38165	8822360	89381030000 154379657	kontrola
107	38165	8822361	89381030000 154379665	kontrola
108	38165	8822362	89381030000 154379673	kontrola
109	38165	8822363	89381030000 154379681	kontrola
110	38165	8822364	89381030000 154379699	kontrola
111	38165	8822366	89381030000 154379715	kontrola
112	38165	8822367	89381030000 154379723	kontrola
113	38165	8822369	89381030000 154379749	kontrola
114	38165	8822370	89381030000 154379756	kontrola
115	38165	8822371	89381030000 154379764	kontrola
116	38165	8822372	89381030000 154379772	kontrola
117	38165	8822373	89381030000 154379780	kontrola
118	38165	8822374	89381030000 154379798	kontrola
119	38165	8822376	89381030000 154379806	kontrola
120	38165	8822377	89381030000 154379814	kontrola
121	38165	8822378	89381030000 154379822	kontrola
122	38165	8822385	89381030000 154379897	kontrola
123	38165	8822386	89381030000 154379905	kontrola
124	38165	8822397	89381030000 154542171	kontrola
125	38165	8822452	89381030000 154656443	kontrola
126	38165	8822466	89381030000 155308937	kontrola
127	38165	8822469	89381030000 155308945	kontrola
128	38165	8822475	89381030000 155309000	kontrola
129	38165	8822476	89381030000 155309018	kontrola
130	38165	8822477	89381030000 155309026	kontrola
131	38165	8822480	89381030000 230849509	kontrola
132	38165	8822481	89381030000 155309067	kontrola
133	38165	8822483	89381030000 155309075	kontrola
134	38165	8822486	89381030000 155309091	kontrola
135	38165	8822487	89381030000 155309109	kontrola
136	38165	8822489	89381030000 155309117	kontrola
137	38165	8822491	89381030000 155309133	kontrola
138	38165	8822493	89381030000 155309158	kontrola
139	38165	8822495	89381030000 155309174	kontrola
140	38165	8822498	89381030000 155309208	kontrola
141	38165	8822503	89381030000 155309240	kontrola
142	38165	8822504	89381030000 155309257	kontrola
143	38165	8822507	89381030000 185794114	kontrola
144	38165	8822512	89381030000 155309323	kontrola
145	38165	8822513	89381030000 155309331	kontrola
146	38165	8822514	89381030000 155309349	kontrola
147	38165	8822516	89381030000 155309364	kontrola
148	38165	8822517	89381030000 155309372	kontrola
149	38165	8822518	89381030000 155309380	kontrola
150	38165	8822519	89381030000 155309398	kontrola
151	38165	8822524	89381030000 155309430	kontrola
152	38165	8822527	89381030000 155309455	kontrola
153	38165	8822528	89381030000 155309463	kontrola
154	38165	8822530	89381030000 155309489	kontrola
155	38165	8822533	89381030000 155309505	kontrola
156	38165	8822536	89381030000 155309539	kontrola
157	38165	8822537	89381030000 155309547	kontrola
158	38165	8822539	89381030000 155309562	kontrola
159	38165	8822542	89381030000 155309596	kontrola
160	38165	8822544	89381030000 155309604	kontrola
161	38165	8822546	89381030000 230727812	kontrola
162	38165	8822547	89381030000 155309638	kontrola
163	38165	8822549	89381030000 230726152	kontrola
164	38165	8822554	89381030000 259982421	kontrola
165	38165	8822563	89381030000 155309695	kontrola
166	38165	8822565	89381030000 155309703	kontrola
167	38165	8822568	89381030000 155309711	kontrola
168	38165	8822573	89381030000 155309745	kontrola
169	38165	8822578	89381030000 155309786	kontrola
170	38165	8822579	89381030000 155309794	kontrola
171	38165	8822580	89381030000 155309802	kontrola
172	38165	8822582	89381030000 155309828	kontrola
173	38165	8822586	89381030000 155309844	kontrola
174	38165	8822587	89381030000 230657894	kontrola
175	38165	8822591	89381030000 155309877	kontrola
176	38165	8822593	89381030000 155309885	kontrola
177	38165	8822594	89381030000 155309893	kontrola
178	38165	8822598	89381030000 155309901	kontrola
179	38165	8822599	89381030000 155309919	kontrola
180	38165	8822623	89381030000 155474200	kontrola
181	38165	8822631	89381030000 155474267	kontrola
182	38165	8822632	89381030000 155474275	kontrola
183	38165	8822633	89381030000 155474283	kontrola
184	38165	8822634	89381030000 191595778	kontrola
185	38165	8822635	89381030000 155474309	kontrola
186	38165	8822636	89381030000 155474317	kontrola
187	38165	8822638	89381030000 155474333	kontrola
188	38165	8822641	89381030000 155474358	kontrola
189	38165	8822642	89381030000 155474366	kontrola
190	38165	8822643	89381030000 155474374	kontrola
191	38165	8822644	89381030000 155474382	kontrola
192	38165	8822645	89381030000 155474390	kontrola
193	38165	8822646	89381030000 155474408	kontrola
194	38165	8822647	89381030000 230657902	kontrola
195	38165	8822649	89381030000 155474432	kontrola
196	38165	8822654	89381030000 155474465	kontrola
197	38165	8822656	89381030000 155474481	kontrola
198	38165	8822658	89381030000 155474499	kontrola
199	38165	8822671	89381030000 155474531	kontrola
200	38165	8822672	89381030000 155474549	kontrola
201	38165	8822673	89381030000 155474556	kontrola
202	38165	8822676	89381030000 158168387	kontrola
203	38165	8822677	89381030000 158168395	kontrola
204	38165	8822678	89381030000 158168403	kontrola
205	38165	8822683	89381030000 158168452	kontrola
206	38165	8822689	89381030000 158168494	kontrola
207	38165	8822690	89381030000 158168502	kontrola
208	38165	8822695	89381030000 158168551	kontrola
209	38165	8822696	89381030000 158168569	kontrola
210	38165	8822697	89381030000 158168577	kontrola
211	38165	8822699	89381030000 158198582	kontrola
212	38165	8822702	89381030000 158198590	kontrola
213	38165	8822705	89381030000 158198616	kontrola
214	38165	8822707	89381030000 158198632	kontrola
215	38165	8822708	89381030000 158198640	kontrola
216	38165	8822711	89381030000 158198673	kontrola
217	38165	8822712	89381030000 158198681	kontrola
218	38165	8822713	89381030000 158198699	kontrola
219	38165	8822716	89381030000 158198723	kontrola
220	38165	8822717	89381030000 158198731	kontrola
221	38165	8822720	89381030000 158198764	kontrola
222	38165	8822726	89381030000 158198814	kontrola
223	38165	8822728	89381030000 158198830	kontrola
224	38165	8822729	89381030000 158198848	kontrola
225	38165	8822730	89381030000 158198855	kontrola
226	38165	8822735	89381030000 158198897	kontrola
227	38165	8822736	89381030000 158198905	kontrola
228	38165	8822738	89381030000 231621121	kontrola
229	38165	8822739	89381030000 158198921	kontrola
230	38165	8822740	89381030000 158198939	kontrola
231	38165	8822744	89381030000 158468258	kontrola
232	38165	8822746	89381030000 158198988	kontrola
233	38165	8822747	89381030000 158198996	kontrola
234	38165	8822749	89381030000 158199010	kontrola
235	38165	8822750	89381030000 158199028	kontrola
236	38165	8822754	89381030000 158199044	kontrola
237	38165	8822756	89381030000 158199069	kontrola
238	38165	8822760	89381030000 158199101	kontrola
239	38165	8822761	89381030000 158199119	kontrola
240	38165	8822764	89381030000 158199135	kontrola
241	38165	8822765	89381030000 158199143	kontrola
242	38165	8822769	89381030000 158199168	kontrola
243	38165	8822770	89381030000 158199192	kontrola
244	38165	8822771	89381030000 158199200	kontrola
245	38165	8822776	89381030000 158199226	kontrola
246	38165	8822779	89381030000 158199234	kontrola
247	38165	8822781	89381030000 158199259	kontrola
248	38165	8822783	89381030000 158199267	kontrola
249	38165	8822786	89381030000 158199291	kontrola
250	38165	8822790	89381030000 158199325	kontrola
251	38165	8822791	89381030000 158199333	kontrola
252	38165	8822795	89381030000 158199366	kontrola
253	38165	8822796	89381030000 158199374	kontrola
254	38165	8822797	89381030000 158199382	kontrola
255	38165	8822804	89381030000 158199416	kontrola
256	38165	8822805	89381030000 158199424	kontrola
257	38165	8822807	89381030000 158199440	kontrola
258	38165	8822809	89381030000 158199457	kontrola
259	38165	8822812	89381030000 158199473	kontrola
260	38165	8822815	89381030000 158199481	kontrola
261	38165	8822816	89381030000 158199499	kontrola
262	38165	8822817	89381030000 158199507	kontrola
263	38165	8822819	89381030000 158199515	kontrola
264	38165	8822829	89381030000 158199556	kontrola
265	38165	8822830	89381030000 158199564	kontrola
266	38165	8822837	89381030000 158199614	kontrola
267	38165	8822848	89381030000 231620743	kontrola
268	38165	8822850	89381030000 158199697	kontrola
269	38165	8822853	89381030000 158199713	kontrola
270	38165	8822854	89381030000 231345457	kontrola
271	38165	8822855	89381030000 158199739	kontrola
272	38165	8822859	89381030000 158199762	kontrola
273	38165	8822864	89381030000 158199812	kontrola
274	38165	8822865	89381030000 158199820	kontrola
275	38165	8822869	89381030000 158199846	kontrola
276	38165	8822870	89381030000 158199853	kontrola
277	38165	8822872	89381030000 158199879	kontrola
278	38165	8822876	89381030000 158199911	kontrola
279	38165	8822877	89381030000 158199929	kontrola
280	38165	8822879	89381030000 158199937	kontrola
281	38165	8822890	89381030000 158199952	kontrola
282	38165	8822893	89381030000 158199978	kontrola
283	38165	8822894	89381030000 158199986	kontrola
284	38165	8822915	89381030000 20964651	kontrola
285	38165	8822916	89381030000 20964652	kontrola
286	38165	8822917	89381030000 20964653	kontrola
287	38165	8822920	89381030000 20964654	kontrola
288	38165	8822921	89381030000 20964655	kontrola
289	38165	8822924	89381030000 20964656	kontrola
290	38165	8822925	89381030000 20964657	kontrola
291	38165	8822926	89381030000 20964658	kontrola
292	38165	8822927	89381030000 20964659	kontrola
293	38165	8822928	89381030000 20964660	kontrola
294	38165	8822930	89381030000 20964661	kontrola
295	38165	8822932	89381030000 20964662	kontrola
296	38165	8822933	89381030000 20964663	kontrola
297	38165	8822934	89381030000 20964664	kontrola
298	38165	8822935	89381030000 20964665	kontrola
299	38165	8822936	89381030000 20964666	kontrola
300	38165	8822937	89381030000 20964667	kontrola
301	38165	8822938	89381030000 20964668	kontrola
302	38165	8822939	89381030000 20964669	kontrola
303	38165	8822940	89381030000 260104585	kontrola
304	38165	8822942	89381030000 20964671	kontrola
305	38165	8822943	89381030000 20964672	kontrola
306	38165	8822944	89381030000 20964673	kontrola
307	38165	8822945	89381030000 20964674	kontrola
308	38165	8822946	89381030000 20964675	kontrola
309	38165	8822947	89381030000 20964676	kontrola
310	38165	8822948	89381030000 20964677	kontrola
311	38165	8822949	89381030000 20964678	kontrola
312	38165	8822951	89381030000 20964679	kontrola
313	38165	8822953	89381030000 20964680	kontrola
314	38165	8822954	89381030000 20964681	kontrola
315	38165	8822956	89381030000 20964683	kontrola
316	38165	8822957	89381030000 20964684	kontrola
317	38165	5966262	89381030000 23241497	pda
318	38165	5966263	89381030000 23241498	pda
319	38165	5966264	89381030000 23241499	pda
320	38165	5966265	89381030000 23241500	pda
321	38165	5966266	89381030000 23241501	pda
322	38165	5966267	89381030000 23241502	pda
323	38165	5966268	89381030000 23241503	pda
324	38165	5966269	89381030000 23241504	pda
325	38165	5966270	89381030000 23241505	pda
326	38165	5966271	89381030000 23241506	pda
327	38165	5966272	89381030000 23241507	pda
328	38165	5966273	89381030000 23241508	pda
329	38165	5966274	89381030000 23241509	pda
330	38165	5966275	89381030000 23241510	pda
331	38165	5966276	89381030000 23241511	pda
332	38165	5966277	89381030000 23241512	pda
333	38165	5966278	89381030000 23241513	pda
334	38165	5966279	89381030000 23241514	pda
335	38165	5966280	89381030000 23241515	pda
336	38165	5966281	89381030000 23241516	pda
337	38165	5966628	89381030000 23241572	pda
338	38165	5966629	89381030000 23241573	pda
339	38165	5966630	89381030000 23241574	pda
340	38165	5966631	89381030000 23241575	pda
341	38165	5966632	89381030000 23241576	pda
342	38165	5966633	89381030000 23241577	pda
343	38165	5966634	89381030000 23241578	pda
344	38165	5966635	89381030000 23241579	pda
345	38165	5966636	89381030000 23241580	pda
346	38165	5966637	89381030000 23241581	pda
347	38165	5966638	89381030000 23241582	pda
348	38165	5966639	89381030000 23241583	pda
349	38165	5966640	89381030000 23241584	pda
350	38165	5966641	89381030000 23241585	pda
351	38165	5966642	89381030000 23241586	pda
352	38165	5966643	89381030000 23241587	pda
353	38165	5966644	89381030000 23241588	pda
354	38165	5966645	89381030000 23241589	pda
355	38165	5966646	89381030000 23241590	pda
356	38165	5966647	89381030000 232393266	pda
357	38165	5966648	89381030000 23241592	pda
358	38165	5966649	89381030000 23241593	pda
359	38165	5966650	89381030000 23241594	pda
360	38165	5966651	89381030000 23241595	pda
361	38165	5966652	89381030000 23241596	pda
362	38165	5966653	89381030000 23241597	pda
363	38165	5966654	89381030000 23241598	pda
364	38165	5966655	89381030000 23241599	pda
365	38165	5966656	89381030000 23241600	pda
366	38165	5966657	89381030000 23241601	pda
367	38165	5966658	89381030000 23241602	pda
368	38165	5966659	89381030000 23241603	pda
369	38165	5966660	89381030000 23241604	pda
370	38165	5966661	89381030000 23241605	pda
371	38165	5966662	89381030000 23241606	pda
372	38165	5966663	89381030000 23241607	pda
373	38165	5966664	89381030000 23241608	pda
374	38165	5966665	89381030000 23241609	pda
375	38165	5966667	89381030000 23241610	pda
376	38165	5966668	89381030000 23241611	pda
377	38165	5966669	89381030000 23241612	pda
378	38165	5966670	89381030000 23241613	pda
379	38165	5966671	89381030000 23241614	pda
380	38165	5966672	89381030000 23241615	pda
381	38165	5966673	89381030000 23241616	pda
382	38165	5966674	89381030000 23241617	pda
383	38165	5966675	89381030000 23241618	pda
384	38165	5966676	89381030000 23241619	pda
385	38165	5966677	89381030000 23241620	pda
386	38165	5966678	89381030000 23241621	pda
387	38165	5966759	89381030000 23241676	pda
388	38165	5966760	89381030000 23241677	pda
389	38165	5966761	89381030000 23241678	pda
390	38165	5966762	89381030000 23241679	pda
391	38165	5966763	89381030000 23241680	pda
392	38165	5966764	89381030000 23241681	pda
393	38165	5966765	89381030000 23241682	pda
394	38165	5966766	89381030000 23241683	pda
395	38165	5966767	89381030000 23241684	pda
396	38165	5966768	89381030000 23241685	pda
397	38165	5966769	89381030000 23241686	pda
398	38165	5966770	89381030000 23241687	pda
399	38165	5966771	89381030000 23241688	pda
400	38165	5966772	89381030000 23241689	pda
401	38165	5966773	89381030000 23241690	pda
402	38165	5966774	89381030000 23241691	pda
403	38165	5966775	89381030000 23241692	pda
404	38165	5966776	89381030000 23241693	pda
405	38165	5966777	89381030000 23241694	pda
406	38165	5966778	89381030000 23241695	pda
407	38165	5966779	89381030000 23241696	pda
408	38165	5966780	89381030000 23241697	pda
409	38165	5966781	89381030000 23241698	pda
410	38165	5966782	89381030000 23241699	pda
411	38165	5966783	89381030000 23241700	pda
412	38165	5966784	89381030000 23241701	pda
413	38165	5966785	89381030000 23241702	pda
414	38165	5966786	89381030000 23241703	pda
415	38165	5966787	89381030000 23241704	pda
416	38165	5966788	89381030000 23241705	pda
417	38165	5966789	89381030000 23241706	pda
418	38165	5966790	89381030000 23241707	pda
419	38165	5966791	89381030000 23241708	pda
420	38165	5966792	89381030000 23241709	pda
421	38165	5966793	89381030000 232393951	pda
422	38165	5966794	89381030000 23241711	pda
423	38165	5966795	89381030000 23241712	pda
424	38165	5966796	89381030000 23241713	pda
425	38165	5966797	89381030000 23241714	pda
426	38165	5966798	89381030000 23241715	pda
427	38165	5966799	89381030000 23241716	pda
428	38165	5966800	89381030000 23241717	pda
429	38165	5966801	89381030000 23241718	pda
430	38165	5966802	89381030000 23241719	pda
431	38165	5966803	89381030000 23241720	pda
432	38165	5966804	89381030000 23241721	pda
433	38165	5966805	89381030000 23241722	pda
434	38165	5966806	89381030000 23241723	pda
435	38165	5966807	89381030000 23241724	pda
436	38165	5966808	89381030000 23241725	pda
437	38165	5966809	89381030000 23241726	pda
438	38165	5966810	89381030000 23241727	pda
439	38165	5966811	89381030000 23241728	pda
440	38165	5966812	89381030000 23241729	pda
441	38165	5966813	89381030000 23241730	pda
442	38165	5966814	89381030000 23241731	pda
443	38165	5966815	89381030000 23241732	pda
444	38165	5966816	89381030000 23241733	pda
445	38165	5966817	89381030000 23241734	pda
446	38165	5966818	89381030000 23241735	pda
447	38165	5966819	89381030000 23241736	pda
448	38165	5966820	89381030000 23241737	pda
449	38165	5966821	89381030000 23241738	pda
450	38165	5966822	89381030000 23241739	pda
451	38165	5966823	89381030000 23241740	pda
452	38165	5966824	89381030000 23241741	pda
453	38165	5966825	89381030000 23241742	pda
454	38165	5966826	89381030000 23241743	pda
455	38165	5966827	89381030000 23241744	pda
456	38165	5966828	89381030000 23241745	pda
457	38165	5966829	89381030000 23241746	pda
458	38165	5966830	89381030000 23241747	pda
459	38165	5966831	89381030000 23241748	pda
460	38165	5966832	89381030000 23241749	pda
461	38165	5966833	89381030000 23241750	pda
462	38165	5966834	89381030000 23241751	pda
463	38165	5966835	89381030000 23241752	pda
464	38165	5966836	89381030000 23241753	pda
465	38165	5966837	89381030000 23241754	pda
466	38165	5966838	89381030000 23241755	pda
467	38165	5966839	89381030000 23241756	pda
468	38165	5966840	89381030000 23241757	pda
469	38165	5966841	89381030000 232393985	pda
470	38165	5966842	89381030000 23241759	pda
471	38165	5966843	89381030000 23241760	pda
472	38165	5966844	89381030000 23241761	pda
473	38165	5966845	89381030000 23241762	pda
474	38165	5966846	89381030000 23241763	pda
475	38165	5966847	89381030000 23239343	pda
476	38165	5966848	89381030000 23241765	pda
477	38165	5966849	89381030000 23241766	pda
478	38165	5966850	89381030000 23241767	pda
479	38165	5966851	89381030000 23241768	pda
480	38165	5966852	89381030000 23241769	pda
481	38165	5966853	89381030000 23241770	pda
482	38165	5966854	89381030000 23241771	pda
483	38165	5966855	89381030000 23241772	pda
484	38165	5966856	89381030000 23241773	pda
485	38165	5966857	89381030000 23241774	pda
486	38165	5966858	89381030000 23241775	pda
487	38165	5967085	89381030000 23241785	pda
488	38165	5967086	89381030000 23241786	pda
489	38165	5967087	89381030000 23241787	pda
490	38165	5967088	89381030000 23241788	pda
491	38165	5967089	89381030000 23241789	pda
492	38165	5967090	89381030000 23241790	pda
493	38165	5967091	89381030000 23241791	pda
494	38165	5967092	89381030000 23241792	pda
495	38165	5967093	89381030000 23241793	pda
496	38165	5967094	89381030000 23241794	pda
497	38165	5967095	89381030000 23241795	pda
498	38165	5967096	89381030000 23241796	pda
499	38165	5967097	89381030000 23241797	pda
500	38165	5967098	89381030000 23241798	pda
501	38165	5967099	89381030000 23241799	pda
502	38165	5967100	89381030000 23241800	pda
503	38165	5967101	89381030000 23241801	pda
504	38165	5967102	89381030000 23241802	pda
505	38165	5967103	89381030000 23241803	pda
506	38165	5967104	89381030000 23241804	pda
507	38165	5967105	89381030000 23241805	pda
508	38165	5967106	89381030000 23241806	pda
509	38165	5967107	89381030000 23241807	pda
510	38165	5967108	89381030000 23241808	pda
511	38165	5967109	89381030000 23241809	pda
512	38165	5967110	89381030000 23241810	pda
513	38165	5967111	89381030000 23241811	pda
514	38165	5967112	89381030000 23241812	pda
515	38165	5967113	89381030000 23241813	pda
516	38165	5967114	89381030000 23241814	pda
517	38165	5967115	89381030000 23241815	pda
518	38165	5967116	89381030000 23241816	pda
519	38165	5967117	89381030000 23241817	pda
520	38165	5967118	89381030000 23241818	pda
521	38165	5967119	89381030000 23241819	pda
522	38165	5967120	89381030000 23241820	pda
523	38165	5967121	89381030000 23241821	pda
524	38165	5967122	89381030000 23241822	pda
525	38165	5967123	89381030000 23241823	pda
526	38165	5967124	89381030000 23241824	pda
527	38165	5967125	89381030000 23241825	pda
528	38165	5967126	89381030000 23241826	pda
529	38165	5967127	89381030000 23241827	pda
530	38165	5967128	89381030000 23241828	pda
531	38165	5967129	89381030000 23241829	pda
532	38165	5967130	89381030000 23241830	pda
533	38165	5967131	89381030000 23241831	pda
534	38165	5967132	89381030000 23241832	pda
535	38165	5967133	89381030000 23241833	pda
536	38165	5967134	89381030000 23241834	pda
537	38165	5967135	89381030000 23241835	pda
538	38165	5967136	89381030000 23241836	pda
539	38165	5967137	89381030000 23241837	pda
540	38165	5967138	89381030000 23241838	pda
541	38165	5967139	89381030000 23241839	pda
542	38165	5967140	89381030000 23241840	pda
543	38165	5967141	89381030000 23241841	pda
544	38165	5967142	89381030000 23241842	pda
545	38165	5967143	89381030000 23241843	pda
546	38165	5967144	89381030000 23241844	pda
547	38165	5967145	89381030000 23241845	pda
548	38165	5967146	89381030000 23241846	pda
549	38165	5967147	89381030000 23241847	pda
550	38165	5967148	89381030000 23241848	pda
551	38165	5967149	89381030000 23241849	pda
552	38165	5967150	89381030000 23241850	pda
553	38165	5967151	89381030000 23241851	pda
554	38165	5967152	89381030000 23241852	pda
555	38165	5967153	89381030000 23241853	pda
556	38165	5967154	89381030000 23241854	pda
557	38165	5967155	89381030000 23241855	pda
558	38165	5967156	89381030000 23241856	pda
559	38165	5967157	89381030000 23241857	pda
560	38165	5967158	89381030000 23241858	pda
561	38165	5967159	89381030000 23241859	pda
562	38165	5967160	89381030000 23241860	pda
563	38165	5967161	89381030000 23241861	pda
564	38165	5967162	89381030000 23241862	pda
565	38165	5967163	89381030000 23241863	pda
566	38165	5967164	89381030000 23241864	pda
567	38165	5967165	89381030000 23241865	pda
568	38165	5967166	89381030000 23241866	pda
569	38165	5967167	89381030000 23241867	pda
570	38165	5967168	89381030000 23241868	pda
571	38165	5967169	89381030000 23241869	pda
572	38165	5967170	89381030000 23241870	pda
573	38165	5967171	89381030000 23241871	pda
574	38165	5967172	89381030000 23241872	pda
575	38165	5967173	89381030000 23241873	pda
576	38165	5967174	89381030000 23241874	pda
577	38165	5967175	89381030000 23241875	pda
578	38165	5967176	89381030000 23241876	pda
579	38165	5967177	89381030000 23241877	pda
580	38165	5967178	89381030000 23241878	pda
581	38165	5967179	89381030000 23241879	pda
582	38165	5967180	89381030000 23241880	pda
583	38165	5967181	89381030000 23241881	pda
584	38165	5967182	89381030000 232393241	pda
585	38165	5967183	89381030000 23241883	pda
586	38165	5967184	89381030000 23241884	pda
587	38165	5979387	89381030000 23203444	pda
588	38165	5979388	89381030000 23203445	pda
589	38165	5979389	89381030000 23203446	pda
590	38165	5979390	89381030000 23203447	pda
591	38165	5979391	89381030000 23203448	pda
592	38165	5979392	89381030000 23203449	pda
593	38165	5979393	89381030000 23203450	pda
594	38165	5979394	89381030000 23203451	pda
595	38165	5979395	89381030000 23203452	pda
596	38165	5979396	89381030000 23203453	pda
597	38165	5982696	89381030000 23203569	pda
598	38165	5982697	89381030000 23203570	pda
599	38165	5982698	89381030000 23203571	pda
600	38165	5982699	89381030000 23203572	pda
601	38165	5982700	89381030000 23203573	pda
602	38165	5982701	89381030000 23203574	pda
603	38165	5982702	89381030000 23203575	pda
604	38165	5982703	89381030000 23203576	pda
605	38165	5982704	89381030000 23203577	pda
606	38165	5982705	89381030000 23203578	pda
\.


--
-- TOC entry 3065 (class 0 OID 33367)
-- Dependencies: 227
-- Data for Name: sim_cards_charges; Type: TABLE DATA; Schema: public; Owner: postgres
--

COPY public.sim_cards_charges (id, sim_id, agent_id, user_id, date) FROM stdin;
\.


--
-- TOC entry 3067 (class 0 OID 33390)
-- Dependencies: 229
-- Data for Name: sim_cards_charges_off; Type: TABLE DATA; Schema: public; Owner: postgres
--

COPY public.sim_cards_charges_off (id, sim_card_charge_id, user_id, date) FROM stdin;
\.


--
-- TOC entry 3039 (class 0 OID 24930)
-- Dependencies: 201
-- Data for Name: terminals_num; Type: TABLE DATA; Schema: public; Owner: postgres
--

COPY public.terminals_num (id, terminal_num) FROM stdin;
1	44001
2	44002
3	44003
4	44004
5	44005
6	44006
7	44007
8	44008
9	44009
10	44010
11	44011
12	44012
13	44013
14	44014
15	44015
16	44016
17	44017
18	44018
19	44019
20	44020
21	44021
22	44022
23	44023
24	44024
25	44025
26	44026
27	44027
28	44028
29	44029
30	44030
31	44031
32	44032
33	44033
34	44034
35	44035
36	44036
37	44037
38	44038
39	44039
40	44040
41	44041
42	44042
43	44043
44	44044
45	44045
46	44046
47	44047
48	44048
49	44049
50	44050
51	44051
52	44052
53	44053
54	44054
55	44055
56	44056
57	44057
58	44058
59	44059
60	44060
61	44061
62	44062
63	44063
64	44064
65	44065
66	44066
67	44067
68	44068
69	44069
70	44070
71	44071
72	44072
73	44073
74	44074
75	44075
76	44076
77	44077
78	44078
79	44079
80	44080
81	44081
82	44082
83	44083
84	44084
85	44085
86	44086
87	44087
88	44088
89	44089
90	44090
91	44091
92	44092
93	44093
94	44094
95	44095
96	44096
97	44097
98	44098
99	44099
100	44100
101	44101
102	44102
103	44103
104	44104
105	44105
106	44106
107	44107
108	44108
109	44109
110	44110
111	44111
112	44112
113	44113
114	44114
115	44115
116	44116
117	44117
118	44118
119	44119
120	44120
121	44121
122	44122
123	44123
124	44124
125	44125
126	44126
127	44127
128	44128
129	44129
130	44130
131	44131
132	44132
133	44133
134	44134
135	44135
136	44136
137	44137
138	44138
139	44139
140	44140
141	44141
142	44142
143	44143
144	44144
145	44145
146	44146
147	44147
148	44148
149	44149
150	44150
151	44151
152	44152
153	44153
154	44154
155	44155
156	44156
157	44157
158	44158
159	44159
160	44160
161	44161
162	44162
163	44163
164	44164
165	44165
166	44166
167	44167
168	44168
169	44169
170	44170
171	44171
172	44172
173	44173
174	44174
175	44175
176	44176
177	44177
178	44178
179	44179
180	44180
181	44181
182	44182
183	44183
184	44184
185	44185
186	44186
187	44187
188	44188
189	44189
190	44190
191	44191
192	44192
193	44193
194	44194
195	44195
196	44196
197	44197
198	44198
199	44199
200	44200
201	44201
202	44202
203	44203
204	44204
205	44205
206	44206
207	44207
208	44208
209	44209
210	44210
211	44211
212	44212
213	44213
214	44214
215	44215
216	44216
217	44217
218	44218
219	44219
220	44220
221	44221
222	44222
223	44223
224	44224
225	44225
226	44226
227	44227
228	44228
229	44229
230	44230
231	44231
232	44232
233	44233
234	44234
235	44235
236	44236
237	44237
238	44238
239	44239
240	44240
241	44241
242	44242
243	44243
244	44244
245	44245
246	44246
247	44247
248	44248
249	44249
250	44250
251	44251
252	44252
253	44253
254	44254
255	44255
256	44256
257	44257
258	44258
259	44259
260	44260
261	44261
262	44262
263	44263
264	44264
265	44265
266	44266
267	44267
268	44268
269	44269
270	44270
271	44271
272	44272
273	44273
274	44274
275	44275
276	44276
277	44277
278	44278
279	44279
280	44280
281	44281
282	44282
283	44283
284	44284
285	44285
286	44286
287	44287
288	44288
289	44289
290	44290
291	44291
292	44292
293	44293
294	44294
295	44295
296	44296
297	44297
298	44298
299	44299
300	44300
301	44301
302	44302
303	44303
304	44304
305	44305
306	44306
307	44307
308	44308
309	44309
310	44310
311	44311
312	44312
313	44313
314	44314
315	44315
316	44316
317	44317
318	44318
319	44319
320	44320
\.


--
-- TOC entry 3041 (class 0 OID 24940)
-- Dependencies: 203
-- Data for Name: terminals; Type: TABLE DATA; Schema: public; Owner: postgres
--

COPY public.terminals (id, terminals_num_id, pda_id, printer_id, sim_cards_id, date_assembled, user_id) FROM stdin;
133	106	61	461	435	2018-11-07 18:20:58.534019	1
134	107	58	546	436	2018-11-07 18:20:58.534019	1
135	108	65	453	411	2018-11-07 18:20:58.534019	1
40	1	9	338	330	2018-11-07 18:05:26.322127	1
45	2	7	382	514	2018-11-07 18:12:43.403412	1
46	3	8	383	335	2018-11-07 18:12:43.403412	1
47	4	6	384	317	2018-11-07 18:12:43.403412	1
48	6	4	492	381	2018-11-07 18:13:55.435336	1
49	7	5	363	334	2018-11-07 18:13:55.435336	1
50	8	2	389	336	2018-11-07 18:13:55.435336	1
51	9	1	390	324	2018-11-07 18:13:55.435336	1
52	10	10	391	333	2018-11-07 18:13:55.435336	1
53	11	17	412	325	2018-11-07 18:14:45.130179	1
54	12	16	413	320	2018-11-07 18:14:45.130179	1
55	14	13	415	321	2018-11-07 18:14:45.130179	1
56	15	14	385	397	2018-11-07 18:14:45.130179	1
57	18	20	342	598	2018-11-07 18:14:45.130179	1
58	21	42	406	343	2018-11-07 18:14:45.130179	1
59	22	43	407	344	2018-11-07 18:14:45.130179	1
60	23	44	408	345	2018-11-07 18:14:45.130179	1
61	24	39	409	346	2018-11-07 18:14:45.130179	1
62	25	40	410	347	2018-11-07 18:14:45.130179	1
63	26	41	411	348	2018-11-07 18:15:19.284132	1
64	27	37	332	349	2018-11-07 18:15:19.284132	1
65	29	38	334	602	2018-11-07 18:15:19.284132	1
66	30	26	335	352	2018-11-07 18:15:19.284132	1
67	31	21	527	353	2018-11-07 18:15:19.284132	1
68	32	31	417	354	2018-11-07 18:15:19.284132	1
69	33	48	339	337	2018-11-07 18:15:19.284132	1
70	34	49	340	338	2018-11-07 18:15:19.284132	1
71	35	35	504	339	2018-11-07 18:15:19.284132	1
72	36	45	403	340	2018-11-07 18:15:19.284132	1
73	37	46	404	341	2018-11-07 18:15:19.284132	1
74	38	47	400	453	2018-11-07 18:15:19.284132	1
75	39	23	352	355	2018-11-07 18:15:19.284132	1
76	40	28	353	595	2018-11-07 18:15:19.284132	1
77	41	25	418	357	2018-11-07 18:16:01.136526	1
78	42	22	419	358	2018-11-07 18:16:01.136526	1
79	43	27	420	359	2018-11-07 18:16:01.136526	1
80	44	24	421	360	2018-11-07 18:16:01.136526	1
81	46	94	354	362	2018-11-07 18:16:01.136526	1
82	47	93	355	363	2018-11-07 18:16:01.136526	1
83	48	92	356	364	2018-11-07 18:16:01.136526	1
84	49	91	343	365	2018-11-07 18:16:01.136526	1
85	50	90	344	366	2018-11-07 18:16:01.136526	1
86	52	88	327	368	2018-11-07 18:16:01.136526	1
87	53	87	328	369	2018-11-07 18:16:01.136526	1
88	54	86	329	370	2018-11-07 18:16:01.136526	1
89	55	85	330	371	2018-11-07 18:16:01.136526	1
90	59	83	324	375	2018-11-07 18:16:01.136526	1
91	60	110	325	374	2018-11-07 18:16:01.136526	1
92	61	109	326	377	2018-11-07 18:16:01.136526	1
93	62	107	346	378	2018-11-07 18:16:01.136526	1
94	63	108	357	379	2018-11-07 18:16:01.136526	1
95	64	106	358	380	2018-11-07 18:16:01.136526	1
96	66	104	322	578	2018-11-07 18:16:01.136526	1
97	67	103	361	383	2018-11-07 18:16:01.136526	1
98	68	102	573	604	2018-11-07 18:16:01.136526	1
99	69	101	348	385	2018-11-07 18:16:01.136526	1
100	70	100	349	386	2018-11-07 18:16:01.136526	1
101	71	99	351	437	2018-11-07 18:16:58.19379	1
102	72	98	350	438	2018-11-07 18:16:58.19379	1
103	73	97	377	439	2018-11-07 18:16:58.19379	1
104	74	96	378	440	2018-11-07 18:16:58.19379	1
105	75	30	379	441	2018-11-07 18:16:58.19379	1
106	76	29	380	442	2018-11-07 18:16:58.19379	1
107	77	32	381	443	2018-11-07 18:16:58.19379	1
108	78	116	397	444	2018-11-07 18:16:58.19379	1
109	79	112	398	445	2018-11-07 18:16:58.19379	1
110	80	34	399	446	2018-11-07 18:16:58.19379	1
111	82	111	401	448	2018-11-07 18:16:58.19379	1
112	83	33	362	449	2018-11-07 18:16:58.19379	1
113	85	118	364	451	2018-11-07 18:16:58.19379	1
114	86	115	365	452	2018-11-07 18:16:58.19379	1
115	88	117	372	454	2018-11-07 18:16:58.19379	1
116	89	114	373	455	2018-11-07 18:16:58.19379	1
117	90	80	374	456	2018-11-07 18:16:58.19379	1
118	91	79	375	457	2018-11-07 18:16:58.19379	1
119	92	78	376	458	2018-11-07 18:16:58.19379	1
120	93	75	392	459	2018-11-07 18:16:58.19379	1
121	94	76	393	460	2018-11-07 18:16:58.19379	1
122	95	77	394	461	2018-11-07 18:16:58.19379	1
123	96	74	395	412	2018-11-07 18:16:58.19379	1
124	97	73	553	327	2018-11-07 18:16:58.19379	1
125	98	72	367	427	2018-11-07 18:16:58.19379	1
126	99	71	368	326	2018-11-07 18:16:58.19379	1
127	100	70	369	429	2018-11-07 18:16:58.19379	1
128	101	69	370	430	2018-11-07 18:16:58.19379	1
129	102	68	371	431	2018-11-07 18:16:58.19379	1
130	103	67	452	432	2018-11-07 18:16:58.19379	1
131	104	66	498	433	2018-11-07 18:16:58.19379	1
132	105	60	497	434	2018-11-07 18:16:58.19379	1
136	109	57	458	410	2018-11-07 18:20:58.534019	1
137	111	55	454	409	2018-11-07 18:20:58.534019	1
138	112	51	465	408	2018-11-07 18:20:58.534019	1
139	113	52	471	407	2018-11-07 18:20:58.534019	1
140	114	59	470	405	2018-11-07 18:20:58.534019	1
141	115	56	467	404	2018-11-07 18:20:58.534019	1
142	116	53	466	403	2018-11-07 18:20:58.534019	1
143	117	64	337	422	2018-11-07 18:20:58.534019	1
144	118	50	402	589	2018-11-07 18:20:58.534019	1
145	119	62	517	521	2018-11-07 18:20:58.534019	1
146	120	63	405	331	2018-11-07 18:20:58.534019	1
147	121	316	495	414	2018-11-07 18:20:58.534019	1
148	122	259	564	547	2018-11-07 18:20:58.534019	1
149	124	318	519	417	2018-11-07 18:20:58.534019	1
150	125	163	542	418	2018-11-07 18:20:58.534019	1
151	126	236	547	419	2018-11-07 18:20:58.534019	1
152	128	157	493	332	2018-11-07 18:20:58.534019	1
153	129	162	501	501	2018-11-07 18:20:58.534019	1
154	130	154	456	423	2018-11-07 18:20:58.534019	1
155	131	155	516	424	2018-11-07 18:20:58.534019	1
156	132	156	460	425	2018-11-07 18:20:58.534019	1
157	133	152	494	426	2018-11-07 18:20:58.534019	1
158	134	165	462	402	2018-11-07 18:20:58.534019	1
159	135	160	484	401	2018-11-07 18:20:58.534019	1
160	136	151	482	400	2018-11-07 18:20:58.534019	1
161	137	161	469	399	2018-11-07 18:20:58.534019	1
162	138	164	464	605	2018-11-07 18:20:58.534019	1
163	140	194	431	396	2018-11-07 18:20:58.534019	1
164	141	195	468	395	2018-11-07 18:20:58.534019	1
165	142	193	416	581	2018-11-07 18:20:58.534019	1
166	143	192	579	393	2018-11-07 18:20:58.534019	1
167	144	188	578	392	2018-11-07 18:20:58.534019	1
168	145	187	596	391	2018-11-07 18:20:58.534019	1
169	146	186	590	390	2018-11-07 18:20:58.534019	1
170	147	185	588	389	2018-11-07 18:20:58.534019	1
171	148	184	584	388	2018-11-07 18:20:58.534019	1
172	149	182	589	387	2018-11-07 18:20:58.534019	1
173	150	190	574	462	2018-11-07 18:20:58.534019	1
174	151	181	587	463	2018-11-07 18:21:42.285521	1
175	152	191	586	464	2018-11-07 18:21:42.285521	1
176	154	189	582	466	2018-11-07 18:21:42.285521	1
177	155	298	566	467	2018-11-07 18:21:42.285521	1
178	158	290	563	470	2018-11-07 18:21:42.285521	1
179	159	291	572	471	2018-11-07 18:21:42.285521	1
180	160	300	580	472	2018-11-07 18:21:42.285521	1
181	161	295	581	590	2018-11-07 18:21:42.285521	1
182	162	289	575	474	2018-11-07 18:21:42.285521	1
183	163	296	576	606	2018-11-07 18:21:42.285521	1
184	164	287	562	476	2018-11-07 18:21:42.285521	1
185	165	297	567	477	2018-11-07 18:21:42.285521	1
186	166	288	556	478	2018-11-07 18:21:42.285521	1
187	167	286	555	479	2018-11-07 18:21:42.285521	1
188	168	292	554	480	2018-11-07 18:21:42.285521	1
189	170	130	552	482	2018-11-07 18:21:42.285521	1
190	171	134	557	483	2018-11-07 18:21:42.285521	1
191	172	125	559	484	2018-11-07 18:21:42.285521	1
192	173	121	558	485	2018-11-07 18:21:42.285521	1
193	174	133	571	481	2018-11-07 18:21:42.285521	1
194	175	129	570	506	2018-11-07 18:21:42.285521	1
195	176	143	569	507	2018-11-07 18:21:42.285521	1
196	177	123	568	508	2018-11-07 18:21:42.285521	1
197	178	132	593	413	2018-11-07 18:21:42.285521	1
198	179	128	560	510	2018-11-07 18:21:42.285521	1
199	180	135	537	511	2018-11-07 18:21:42.285521	1
200	181	131	496	597	2018-11-07 18:21:42.285521	1
201	183	124	540	503	2018-11-07 18:21:42.285521	1
202	186	213	445	500	2018-11-07 18:21:42.285521	1
203	187	224	448	498	2018-11-07 18:21:42.285521	1
204	188	223	450	497	2018-11-07 18:21:42.285521	1
205	189	219	341	499	2018-11-07 18:21:42.285521	1
206	190	222	535	496	2018-11-07 18:21:42.285521	1
207	191	215	591	512	2018-11-07 18:21:42.285521	1
208	192	221	459	494	2018-11-07 18:21:42.285521	1
209	193	212	561	493	2018-11-07 18:21:42.285521	1
210	194	220	444	406	2018-11-07 18:21:42.285521	1
211	195	211	443	491	2018-11-07 18:21:42.285521	1
212	196	216	449	490	2018-11-07 18:21:42.285521	1
213	197	147	447	489	2018-11-07 18:21:42.285521	1
214	198	214	490	488	2018-11-07 18:21:42.285521	1
215	199	217	486	487	2018-11-07 18:21:42.285521	1
216	200	269	488	535	2018-11-07 18:21:42.285521	1
217	201	268	483	534	2018-11-07 18:22:24.129915	1
218	202	270	487	533	2018-11-07 18:22:24.129915	1
219	203	265	489	532	2018-11-07 18:22:24.129915	1
220	204	267	485	531	2018-11-07 18:22:24.129915	1
221	205	266	491	542	2018-11-07 18:22:24.129915	1
222	206	252	451	529	2018-11-07 18:22:24.129915	1
223	208	253	518	527	2018-11-07 18:22:24.129915	1
224	209	254	512	526	2018-11-07 18:22:24.129915	1
225	210	263	520	525	2018-11-07 18:22:24.129915	1
226	211	250	514	524	2018-11-07 18:22:24.129915	1
227	212	262	442	475	2018-11-07 18:22:24.129915	1
228	213	251	534	530	2018-11-07 18:22:24.129915	1
229	214	255	513	523	2018-11-07 18:22:24.129915	1
230	215	210	515	536	2018-11-07 18:22:24.129915	1
231	216	196	446	468	2018-11-07 18:22:24.129915	1
232	217	200	521	513	2018-11-07 18:22:24.129915	1
233	219	198	433	515	2018-11-07 18:22:24.129915	1
234	220	201	440	516	2018-11-07 18:22:24.129915	1
235	221	197	435	517	2018-11-07 18:22:24.129915	1
236	223	202	438	519	2018-11-07 18:22:24.129915	1
237	224	209	428	520	2018-11-07 18:22:24.129915	1
238	225	208	426	586	2018-11-07 18:22:24.129915	1
239	226	207	436	585	2018-11-07 18:22:24.129915	1
240	227	203	437	591	2018-11-07 18:22:24.129915	1
241	228	206	441	583	2018-11-07 18:22:24.129915	1
242	229	204	434	582	2018-11-07 18:22:24.129915	1
243	230	230	510	580	2018-11-07 18:22:24.129915	1
244	231	229	511	579	2018-11-07 18:22:24.129915	1
245	232	227	500	599	2018-11-07 18:22:24.129915	1
246	233	237	502	577	2018-11-07 18:22:24.129915	1
247	234	232	430	576	2018-11-07 18:22:24.129915	1
248	235	233	620	495	2018-11-07 18:22:24.129915	1
249	236	238	423	574	2018-11-07 18:22:24.129915	1
250	237	235	366	603	2018-11-07 18:22:24.129915	1
251	238	240	478	573	2018-11-07 18:22:24.129915	1
252	239	239	473	572	2018-11-07 18:22:24.129915	1
253	240	319	476	571	2018-11-07 18:22:24.129915	1
254	241	226	472	570	2018-11-07 18:22:24.129915	1
255	242	228	429	569	2018-11-07 18:22:24.129915	1
256	243	199	427	568	2018-11-07 18:22:24.129915	1
257	244	234	422	567	2018-11-07 18:22:24.129915	1
258	245	272	425	566	2018-11-07 18:22:24.129915	1
259	246	249	541	565	2018-11-07 18:22:24.129915	1
260	247	278	531	564	2018-11-07 18:22:24.129915	1
261	248	285	479	563	2018-11-07 18:22:24.129915	1
262	249	274	507	562	2018-11-07 18:22:24.129915	1
263	250	277	480	560	2018-11-07 18:22:24.129915	1
291	252	284	505	558	2018-11-07 18:24:25.424852	1
292	253	244	503	561	2018-11-07 18:24:25.424852	1
293	254	282	475	450	2018-11-07 18:24:25.424852	1
294	255	261	424	575	2018-11-07 18:24:25.424852	1
295	256	248	481	555	2018-11-07 18:24:25.424852	1
296	257	260	477	554	2018-11-07 18:24:25.424852	1
297	258	247	595	553	2018-11-07 18:24:25.424852	1
298	259	280	545	552	2018-11-07 18:24:25.424852	1
299	260	308	544	551	2018-11-07 18:24:25.424852	1
300	261	313	543	601	2018-11-07 18:24:25.424852	1
301	262	307	522	502	2018-11-07 18:24:25.424852	1
302	265	310	530	546	2018-11-07 18:24:25.424852	1
303	266	314	551	545	2018-11-07 18:24:25.424852	1
304	267	301	550	543	2018-11-07 18:24:25.424852	1
305	268	305	549	544	2018-11-07 18:24:25.424852	1
306	271	311	526	540	2018-11-07 18:24:25.424852	1
307	272	315	525	539	2018-11-07 18:24:25.424852	1
308	273	312	529	538	2018-11-07 18:24:25.424852	1
309	274	306	528	537	2018-11-07 18:24:25.424852	1
310	275	281	333	600	2018-11-07 18:24:25.424852	1
311	276	225	523	322	2018-11-07 18:24:25.424852	1
312	277	276	617	522	2018-11-07 18:24:25.424852	1
313	279	283	619	342	2018-11-07 18:24:25.424852	1
314	280	243	618	509	2018-11-07 18:24:25.424852	1
330	281	245	533	350	2018-11-07 18:26:39.680531	1
331	282	246	615	416	2018-11-07 18:26:39.680531	1
339	286	175	601	504	2018-11-07 18:28:20.054272	1
340	287	271	614	473	2018-11-07 18:28:20.054272	1
341	289	172	612	486	2018-11-07 18:28:20.054272	1
342	291	169	594	351	2018-11-07 18:28:20.054272	1
343	294	179	597	587	2018-11-07 18:28:20.054272	1
344	295	173	592	376	2018-11-07 18:28:20.054272	1
345	297	180	602	421	2018-11-07 18:28:20.054272	1
346	298	176	605	373	2018-11-07 18:28:20.054272	1
347	299	167	604	588	2018-11-07 18:28:20.054272	1
348	300	168	609	594	2018-11-07 18:28:20.054272	1
349	301	174	610	505	2018-11-07 18:28:20.054272	1
350	302	166	611	593	2018-11-07 18:28:20.054272	1
351	303	275	608	361	2018-11-07 18:28:20.054272	1
352	304	178	607	596	2018-11-07 18:28:20.054272	1
353	305	136	524	541	2018-11-07 18:28:20.054272	1
354	306	137	386	329	2018-11-07 18:28:20.054272	1
355	307	139	432	518	2018-11-07 18:28:20.054272	1
356	308	140	616	323	2018-11-07 18:28:20.054272	1
357	309	141	474	556	2018-11-07 18:28:20.054272	1
358	310	142	506	559	2018-11-07 18:28:20.054272	1
359	312	144	396	528	2018-11-07 18:28:20.054272	1
360	313	146	599	398	2018-11-07 18:28:20.054272	1
361	314	149	347	384	2018-11-07 18:28:20.054272	1
362	315	150	360	382	2018-11-07 18:28:20.054272	1
363	319	317	499	415	2018-11-07 18:28:20.054272	1
365	5	3	463	584	2018-11-07 18:32:57.806436	1
366	283	273	600	356	2018-11-07 18:33:52.193542	1
\.


--
-- TOC entry 3053 (class 0 OID 33225)
-- Dependencies: 215
-- Data for Name: terminals_charges; Type: TABLE DATA; Schema: public; Owner: postgres
--

COPY public.terminals_charges (id, terminal_id, agent_id, user_id, date) FROM stdin;
\.


--
-- TOC entry 3055 (class 0 OID 33244)
-- Dependencies: 217
-- Data for Name: terminals_charges_off; Type: TABLE DATA; Schema: public; Owner: postgres
--

COPY public.terminals_charges_off (id, terminal_charge_id, users_id, date) FROM stdin;
\.


--
-- TOC entry 3069 (class 0 OID 33975)
-- Dependencies: 231
-- Data for Name: terminals_disassembled; Type: TABLE DATA; Schema: public; Owner: postgres
--

COPY public.terminals_disassembled (id, terminal_id, date_disassembled, user_id) FROM stdin;
\.


--
-- TOC entry 3083 (class 0 OID 0)
-- Dependencies: 212
-- Name: agents_id_seq; Type: SEQUENCE SET; Schema: public; Owner: postgres
--

SELECT pg_catalog.setval('public.agents_id_seq', 287, true);


--
-- TOC entry 3084 (class 0 OID 0)
-- Dependencies: 222
-- Name: cellphones_charges_id_seq; Type: SEQUENCE SET; Schema: public; Owner: postgres
--

SELECT pg_catalog.setval('public.cellphones_charges_id_seq', 29, true);


--
-- TOC entry 3085 (class 0 OID 0)
-- Dependencies: 224
-- Name: cellphones_charges_off_id_seq; Type: SEQUENCE SET; Schema: public; Owner: postgres
--

SELECT pg_catalog.setval('public.cellphones_charges_off_id_seq', 14, true);


--
-- TOC entry 3086 (class 0 OID 0)
-- Dependencies: 218
-- Name: cellphones_id_seq; Type: SEQUENCE SET; Schema: public; Owner: postgres
--

SELECT pg_catalog.setval('public.cellphones_id_seq', 6, true);


--
-- TOC entry 3087 (class 0 OID 0)
-- Dependencies: 220
-- Name: cellphones_models_id_seq; Type: SEQUENCE SET; Schema: public; Owner: postgres
--

SELECT pg_catalog.setval('public.cellphones_models_id_seq', 8, true);


--
-- TOC entry 3088 (class 0 OID 0)
-- Dependencies: 196
-- Name: devices_id_seq; Type: SEQUENCE SET; Schema: public; Owner: postgres
--

SELECT pg_catalog.setval('public.devices_id_seq', 621, true);


--
-- TOC entry 3089 (class 0 OID 0)
-- Dependencies: 210
-- Name: devices_locations_id_seq; Type: SEQUENCE SET; Schema: public; Owner: postgres
--

SELECT pg_catalog.setval('public.devices_locations_id_seq', 629, true);


--
-- TOC entry 3090 (class 0 OID 0)
-- Dependencies: 236
-- Name: devices_softwares_id_seq; Type: SEQUENCE SET; Schema: public; Owner: postgres
--

SELECT pg_catalog.setval('public.devices_softwares_id_seq', 320, true);


--
-- TOC entry 3091 (class 0 OID 0)
-- Dependencies: 232
-- Name: devices_types_id_seq; Type: SEQUENCE SET; Schema: public; Owner: postgres
--

SELECT pg_catalog.setval('public.devices_types_id_seq', 2, true);


--
-- TOC entry 3092 (class 0 OID 0)
-- Dependencies: 238
-- Name: devices_writes_off_id_seq; Type: SEQUENCE SET; Schema: public; Owner: postgres
--

SELECT pg_catalog.setval('public.devices_writes_off_id_seq', 1, true);


--
-- TOC entry 3093 (class 0 OID 0)
-- Dependencies: 208
-- Name: locations_id_seq; Type: SEQUENCE SET; Schema: public; Owner: postgres
--

SELECT pg_catalog.setval('public.locations_id_seq', 7, true);


--
-- TOC entry 3094 (class 0 OID 0)
-- Dependencies: 206
-- Name: priviledges_id_seq; Type: SEQUENCE SET; Schema: public; Owner: postgres
--

SELECT pg_catalog.setval('public.priviledges_id_seq', 3, true);


--
-- TOC entry 3095 (class 0 OID 0)
-- Dependencies: 228
-- Name: sim_cards_charges_off_id_seq; Type: SEQUENCE SET; Schema: public; Owner: postgres
--

SELECT pg_catalog.setval('public.sim_cards_charges_off_id_seq', 14, true);


--
-- TOC entry 3096 (class 0 OID 0)
-- Dependencies: 198
-- Name: sim_cards_id_seq; Type: SEQUENCE SET; Schema: public; Owner: postgres
--

SELECT pg_catalog.setval('public.sim_cards_id_seq', 609, true);


--
-- TOC entry 3097 (class 0 OID 0)
-- Dependencies: 226
-- Name: sims_charges_id_seq; Type: SEQUENCE SET; Schema: public; Owner: postgres
--

SELECT pg_catalog.setval('public.sims_charges_id_seq', 44, true);


--
-- TOC entry 3098 (class 0 OID 0)
-- Dependencies: 234
-- Name: software_v_id_seq; Type: SEQUENCE SET; Schema: public; Owner: postgres
--

SELECT pg_catalog.setval('public.software_v_id_seq', 3, true);


--
-- TOC entry 3099 (class 0 OID 0)
-- Dependencies: 214
-- Name: terminals_charges_id_seq; Type: SEQUENCE SET; Schema: public; Owner: postgres
--

SELECT pg_catalog.setval('public.terminals_charges_id_seq', 120, true);


--
-- TOC entry 3100 (class 0 OID 0)
-- Dependencies: 216
-- Name: terminals_charges_off_id_seq; Type: SEQUENCE SET; Schema: public; Owner: postgres
--

SELECT pg_catalog.setval('public.terminals_charges_off_id_seq', 77, true);


--
-- TOC entry 3101 (class 0 OID 0)
-- Dependencies: 230
-- Name: terminals_disassembled_id_seq; Type: SEQUENCE SET; Schema: public; Owner: postgres
--

SELECT pg_catalog.setval('public.terminals_disassembled_id_seq', 6, true);


--
-- TOC entry 3102 (class 0 OID 0)
-- Dependencies: 202
-- Name: terminals_id_seq; Type: SEQUENCE SET; Schema: public; Owner: postgres
--

SELECT pg_catalog.setval('public.terminals_id_seq', 366, true);


--
-- TOC entry 3103 (class 0 OID 0)
-- Dependencies: 200
-- Name: terminals_num_id_seq; Type: SEQUENCE SET; Schema: public; Owner: postgres
--

SELECT pg_catalog.setval('public.terminals_num_id_seq', 320, true);


--
-- TOC entry 3104 (class 0 OID 0)
-- Dependencies: 204
-- Name: users_id_seq; Type: SEQUENCE SET; Schema: public; Owner: postgres
--

SELECT pg_catalog.setval('public.users_id_seq', 5, true);


-- Completed on 2018-11-08 13:07:05

--
-- PostgreSQL database dump complete
--

